2023年04月原材料收发存明细表,,,,,,,,,,
商品编号,商品全名,成品货号,上期存上期数量,上期存上期金额,本期入入库合计数量,本期入入库合计金额,本期出出库合计数量,本期出出库合计金额,本期存本期数量,本期存本期金额
02010116,(手工缝制玩偶--独角兽)彩盒,CH1386,4244,7129.92,,,344,577.92,3900,6552
02010128,(新十字绣艺术卡-骆驼)老彩盒,CH1446,10,11.5,,,,,10,11.5
02010159,(彩色线条刮刮画-哇！动物们）信封,CH1542,1830,2653.5,,,,,1830,2653.5
020101113,(新十字绣艺术卡-狮子)新彩盒,CH1437,3050,4117.5,,,3050,4117.5,,
020101114,(手工缝制玩偶-喵咪)新彩盒,CH1378,4800,8064,,,360,604.8,4440,7459.2
020101119,(手工缝制玩偶-考拉)新彩盒,CH1376,4534,7767.52,,,1504,2677.12,3030,5090.4
020101120,(新十字绣艺术卡-狐狸)新彩盒,CH1441,3050,4117.5,,,3050,4117.5,,
020101122,(新十字绣艺术卡-松鼠)新彩盒,CH1443,3050,4117.5,,,3050,4117.5,,
020101123,(手工缝制玩偶-兔子)新彩盒,CH1377,6080,11645.9,,,,,6080,11645.9
020101130,(新十字绣艺术卡-大象)新彩盒,CH1435,3050,4117.5,,,3050,4117.5,,
020101154,(薄页纸套装-蝴蝶)新彩盒,CH1460,105,157.5,,,,,105,157.5
020101156,(薄页纸套装-火烈鸟)新彩盒,CH1461,240,360,,,,,240,360
020101157,(薄页纸套装-孔雀)新彩盒,CH1462,292,438,,,,,292,438
020101169,(刮刮画-印第安面具)信封,CH1320,800,760,,,,,800,760
020101173,(彩色线条刮刮画-鸟类动物)信封,CH1543,1510,2189.5,,,,,1510,2189.5
020101174,(彩色线条刮刮画-独角兽)信封,CH1545,8220,11919,,,,,8220,11919
020101175,(刮刮画-恐龙)信封,CH1255,1500,1200,,,,,1500,1200
020101189,(刮刮画-小仙女)信封,CH1256,1600,1280,,,,,1600,1280
020101191,(Key Chain-独角兽)小纸筒,CH1628,180,599.4,,,180,599.4,,
020101192,(Key Chain-猫头鹰)小纸筒,CH1629,462,1538.46,,,462,1538.46,,
020101194,(Key Chain-羊驼)小纸筒,CH1631,1982,6562.78,,,932,3066.28,1050,3496.5
020101196,(Key Chain-鹿)小纸筒,CH1633,698,2296.42,,,164,539.56,534,1756.86
020101197,(Key Chain-企鹅)小纸筒,CH1634,1178,3404.42,,,360,1040.4,818,2364.02
020101199,(Doll-独角兽)大纸筒,CH1620,986,4623.84,,,986,4623.84,,
020101202,(Doll-羊驼)大纸筒,CH1623,1434,6883.2,,,328,1574.4,1106,5308.8
020101204,(Doll-鹿)大纸筒,CH1625,3030,14544,,,384,1843.2,2646,12700.8
020101205,(Doll-企鹅)大纸筒,CH1626,3050,14640,,,620,2976,2430,11664
020101263,彩盒,CH191696,2664,1465.2,2050,1127.5,360,198,4354,2394.7
020101264,彩盒,CH191697,2124,1168.2,,,,,2124,1168.2
020101265,彩盒,CH191699,3852,2118.6,2050,1127.5,1288,708.4,4614,2537.7
020101266,彩盒,CH191700,2392,1315.6,,,360,198,2032,1117.6
020101267,彩盒,CH191701,4018,2209.9,,,360,198,3658,2011.9
020101268,彩盒,CH191702,5621,3091.55,,,1540,847,4081,2244.55
020101269,彩盒,CH191703,3996,2197.8,,,360,198,3636,1999.8
020101270,彩盒,CH191704,4032,2217.6,2050,1127.5,360,198,5722,3147.1
020101284,彩盒,CH191698,1652,908.6,,,216,118.8,1436,789.8
020101285,(像素马赛克-城市与交通)信封,CH191596,86,163.4,,,85,161.5,1,1.9
020101293,(DIY刺绣箍)美版彩盒,SD198126,74,188.7,,,,,74,188.7
020101295,(DIY美人鱼发箍)美版彩盒,SD198128,490,1053.5,,,,,490,1053.5
020101296,(DIY飘流瓶)美版彩盒,SD198129,466,1001.9,,,,,466,1001.9
020101297,(钩针独角鲸鱼帽子)美版彩盒,SD198130,1260,3339,,,,,1260,3339
020101298,(缝制独角鲸鱼)美版彩盒,SD198131,220,682,,,,,220,682
020101299,(DIY手链)美版彩盒,SD198132,160,344,,,,,160,344
020101301,(绕线画-海马)美版彩盒,SD198134,560,1484,,,,,560,1484
020101302,(绕线画-鲸鱼)美版彩盒,SD198135,660,2079,,,,,660,2079
020101303,(缝制美人鱼)美版彩盒,SD198136,444,1132.2,,,,,444,1132.2
020101331,信封,CH191682,2148,3544.2,3050,5032.5,480,792,4718,7784.7
020101332,信封,CH191683,1748,2884.2,,,580,957,1168,1927.2
020101334,信封,CH191685,3278,5408.7,,,232,382.8,3046,5025.9
020101470,狐狸套罐,BTS196001,3071,10275.76,,,25,83.65,3046,10192.11
020101471,狮子套罐,BTS196002,348,1266.72,,,48,174.72,300,1092
020101473,独角兽套罐,BTS196004,420,1528.8,,,48,174.72,372,1354.08
020101474,大嘴鸟套罐,BTS196005,612,2227.68,,,,,612,2227.68
020101475,兔子套罐,BTS196006,492,1790.88,,,24,87.36,468,1703.52
020101345,信封,CH191592,7632,10968.6,,,2838,4257,4794,6711.6
020101346,信封,CH191593,8742,13113,,,3448,5172,5294,7941
020101347,信封,CH191594,1736,2604,,,1736,2604,,
020101348,信封,CH191595,4346,6084.4,,,1768,2475.2,2578,3609.2
020101355,太空沙礼品彩盒,MB7064,34,501.5,,,,,34,501.5
020101356,太空沙礼品彩盒,MB7065,161,2374.75,,,,,161,2374.75
020101364,(缝制独角鲸鱼)欧版彩盒,SD198131,2480,6324,,,,,2480,6324
020101366,(绕线画-海马)欧版彩盒,SD198134,80,204,,,,,80,204
020101384,礼品盒海洋,MB199211,1208,17818,,,,,1208,17818
020101385,礼品盒食物,MB199212,1286,18196.3,,,,,1286,18196.3
020101386,太空沙礼品盒内格,,650,1755,,,,,650,1755
020101420,灯带刮画礼盒,CH191434,4342,18323.24,,,932,3933.04,3410,14390.2
020101425,圆筒,CH201618,3860,18064.8,,,1540,7207.2,2320,10857.6
020101426,圆筒,CH201619,102,463.08,,,102,463.08,,
020101427,圆筒,CH201749,2310,10279.5,,,240,1068,2070,9211.5
020101428,圆筒,CH201750,1116,5289.84,,,204,966.96,912,4322.88
020101429,圆筒,CH201751,1734,7716.3,,,198,881.1,1536,6835.2
020101430,披萨盒,CH201743,2260,4520,,,500,1000,1760,3520
020101431,披萨盒,CH201744,3092,6184,,,150,300,2942,5884
020101432,信封,CH201721,1960,2352,,,,,1960,2352
020101433,信封,CH201723,1350,1485,,,120,132,1230,1353
020101434,信封,CH201724,,,3080,4466,,,3080,4466
020101486,封套,CH201770,682,511.5,,,85,63.75,597,447.75
020101488,天地盖盒子-梦幻独角兽,CH201770,780,3829.8,,,85,417.35,695,3412.45
020101490,4合1独角兽手工盒,CH201772,818,4588.98,,,818,4588.98,,
020101491,厚度小信封,CH201767,4072,4682.8,,,,,4072,4682.8
020101492,厚度小信封,CH201768,3728,4287.2,,,,,3728,4287.2
020101494,恐龙世界印章彩盒,CH201763,4934,13815.2,,,172,481.6,4762,13333.6
020101496,可爱宠物印章彩盒,CH201766,4978,13938.4,,,172,481.6,4806,13456.8
020101497,艾维尼摩尔奶奶教你学缝制-礼品盒,CH201760,2946,15466.5,,,,,2946,15466.5
020101498,艾维尼摩尔家族去野餐-礼品盒,CH201761,2946,15466.5,,,,,2946,15466.5
020101499,艾维尼摩尔家族去野餐-陀螺小工具,CH201761,3016,633.36,,,,,3016,633.36
020101500,纸盒,CH201772,68,61.2,,,68,61.2,,
020101501,展开小信封-独角兽水性刮画,CH201772,68,61.2,,,68,61.2,,
020101502,纸孔板信封,CH201772,68,61.2,,,68,61.2,,
020101503,衍纸信封,CH201772,68,61.2,,,68,61.2,,
020101467,包装罐子,38131,3030,7575,,,3030,7575,,
020101506,(低幼马赛克拼贴画-独角兽）信封,CH211590,5800,8397.4,3050,4575,1216,1824,7634,11148.4
020101507,(低幼马赛克拼贴画-美人鱼）信封,CH211591,3218,4505.2,,,832,1164.8,2386,3340.4
02010200,(钩针独角鲸鱼帽子)欧版彩盒,SD198130,120,306,,,,,120,306
020101544,(花束刮画-猫咪) 彩盒,CH211731,958,1264.56,,,,,958,1264.56
020101545,(花束刮画-蝴蝶）彩盒,CH211732,868,1093.68,,,384,483.84,484,609.84
020101546,(花束刮画-蛋糕）彩盒,CH211733,906,1195.92,,,,,906,1195.92
020101547,(花束刮画-花朵）彩盒,CH211734,792,997.92,3050,4331,350,441,3492,4887.92
020101551,(积木蜡笔-交通) 礼品盒,BTS216013,5810,16268,,,124,347.2,5686,15920.8
020101552,(积木蜡笔-恐龙) 礼品盒,BTS216014,6810,19105.8,,,,,6810,19105.8
020101553,(积木蜡笔-太空) 礼品盒,BTS216015,4030,11334,,,,,4030,11334
020101554,(积木蜡笔-城市) 礼品盒,BTS216016,4000,11248.8,,,,,4000,11248.8
020101558,（DIY钩钩包- 熊猫）圆筒,CH211752,2646,12542.04,,,364,1725.36,2282,10816.68
020101559,（DIY钩钩包- 考拉）圆筒,CH211753,2662,12617.88,,,462,2189.88,2200,10428
020101560,（DIY钩钩包- 鹿）圆筒,CH211754,128,569.6,,,128,569.6,,
020101564,(DIY立体刮刮画- 蝴蝶) 信封,CH211787,5400,7237.5,,,1360,1632,4040,5605.5
020101568,（小圆筒-小狐狸）圆桶,CH211636,3641,10886.59,,,230,687.7,3411,10198.89
020101580,（DIY穿绳套装-我的动物朋友）彩盒,CH211796,2116,2496.88,,,480,566.4,1636,1930.48
020101582,（DIY穿绳套装-我的小宠物）彩盒,CH211797,2414,2848.52,,,1020,1203.6,1394,1644.92
020101583,（DIY穿绳套装-我的恐龙朋友）彩盒,CH211798,1850,2183,,,1020,1203.6,830,979.4
020101584,（DIY穿绳套装-我的海洋朋友）彩盒,CH211799,1996,2355.28,,,1020,1203.6,976,1151.68
020101603,信封,CH1674,300,699,,,300,699,,
020101606,信封,CH1677,300,699,,,,,300,699
020101609,（趣味刮刮画-动物）小信封包装,CH211790,1940,2134,,,1020,1122,920,1012
020101610,（趣味刮刮画-恐龙）小信封包装,CH211791,5980,6578,,,1020,1122,4960,5456
020101611,（趣味刮刮画-海洋）小信封包装,CH211792,2000,2200,,,1020,1122,980,1078
020101614,（我的钓鱼游戏-丛林动物）圆筒,CH211788,4100,19106,,,284,1323.44,3816,17782.56
020101615,（我的钓鱼游戏-美味甜品）圆筒,CH211789,4148,19329.68,,,184,857.44,3964,18472.24
020101621,（创意蜡笔套装-四季变换）披萨盒,BTS216017,4302,6453,,,280,420,4022,6033
020101622,（创意蜡笔套装-森林音乐会）披萨盒,BTS216018,2686,4029,,,164,246,2522,3783
020101623,（创意蜡笔套装-小小树屋）披萨盒,BTS216019,2334,3501,,,160,240,2174,3261
020101624,（创意蜡笔套装-去野餐呀）披萨盒,BTS216020,4290,6435,,,560,840,3730,5595
020101625,彩盒,38195,,,2550,4080,,,2550,4080
020101631,（线条刮刮画- 哇，动物们）折叠小信封,CH221568,7210,6128.5,,,1600,1360,5610,4768.5
020101632,（线条刮刮画- 鸟类动物）折叠小信封,CH221569,7950,6757.5,,,1600,1360,6350,5397.5
020101633,（线条刮刮画- 恐龙）折叠小信封,CH221570,7830,6655.5,,,,,7830,6655.5
020101634,（线条刮刮画- 独角兽）折叠小信封,CH221571,6450,5482.5,3080,2618,2320,1972,7210,6128.5
020101635,（线条刮刮画- 神奇天马）折叠小信封,CH221541,2710,2303.5,3080,2618,1780,1513,4010,3408.5
020101636,（线条刮刮画- 童话精灵）折叠小信封,CH221546,3430,2915.5,,,1660,1411,1770,1504.5
020101010,（艾维尼趣味刮刮画-太空）折叠小信封包装,CH191678,700,805,,,,,700,805
020101011,（艾维尼趣味刮刮画-工程车）折叠小信封包装,CH191679,620,713,,,,,620,713
020101013,（艾维尼趣味刮刮画-萌萌小怪兽）折叠小信封包装,CH191680,2320,2668,,,,,2320,2668
020101014,（艾维尼趣味刮刮画-交通工具）折叠小信封包装,CH191681,2780,3197,,,,,2780,3197
020101640,带提手蛋糕盒包装,CH221815,5174,8692.32,,,932,1565.76,4242,7126.56
020101641,带提手蛋糕盒包装,CH221816,2852,4791.36,3030,5090.4,656,1102.08,5226,8779.68
020101642,带提手蛋糕盒包装,CH221817,3212,5396.16,3030,5090.4,1444,2425.92,4798,8060.64
020101643,带提手蛋糕盒包装,CH221818,5570,9357.6,,,1216,2042.88,4354,7314.72
020101015,（小圆筒-老虎）圆筒,CH221637,3782,12345.18,,,732,2188.68,3050,10156.5
020101016,（小圆筒-兔子）圆筒,CH221638,2660,7953.4,,,1040,3109.6,1620,4843.8
020101029,（2阶穿绳）彩盒,CH221800,1382,1630.76,,,516,608.88,866,1021.88
020101030,（2阶穿绳）彩盒,CH221801,2764,3261.52,,,896,1057.28,1868,2204.24
020101031,（2阶穿绳）彩盒,CH221802,2980,3516.4,,,1216,1434.88,1764,2081.52
020101032,（2阶穿绳）彩盒,CH221803,1718,2027.24,2030,2395.4,1192,1406.56,2556,3016.08
020101033,（3阶穿绳）彩盒,CH221804,2836,3346.48,,,1264,1491.52,1572,1854.96
020101034,（3阶穿绳）彩盒,CH221805,3124,3686.32,,,1576,1859.68,1548,1826.64
020101035,（3阶穿绳）彩盒,CH221806,1598,1885.64,2030,2395.4,1244,1467.92,2384,2813.12
020101036,（3阶穿绳）彩盒,CH221807,1694,1998.92,,,592,698.56,1102,1300.36
020101046,彩盒,ZE1070A,3020,7550,,,3020,7550,,
020101050,彩盒,ZE1067A,3020,8456,,,3020,8456,,
020101051,信封,CH221839,4748,6884.6,3030,4393.5,1720,2494,6058,8784.1
020101052,信封,CH221840,5612,8137.4,,,1720,2494,3892,5643.4
020101053,信封,CH221841,4748,6884.6,3030,4393.5,1288,1867.6,6490,9410.5
020101054,信封,CH221842,4748,6884.6,,,1216,1763.2,3532,5121.4
020101655,（阳光捕手套装）信封,,,,6100,7930,6100,7930,,
020101060,（串珠-粉兔兔）彩盒,CH221883,5408,4867.2,3030,2727,1960,1764,6478,5830.2
020101061,（串珠-紫喵喵）彩盒,CH221884,5120,4608,3030,2727,1960,1764,6190,5571
020101062,（串珠-蓝汪汪）彩盒,CH221885,5168,4651.2,3030,2727,1912,1720.8,6286,5657.4
020101063,（串珠-桔小狐）彩盒,CH221886,5456,4910.4,3030,2727,1336,1202.4,7150,6435
020101067,带提手披萨盒包装,CH221575,1120,560,,,,,1120,560
020101068,展开大信封 -1号,CH221575,1120,168,,,,,1120,168
020101069,展开大信封 -2号,CH221575,1120,168,,,,,1120,168
020101070,展开大信封 -3号,CH221575,1120,168,,,,,1120,168
020101663,纸盒,CH221575,1120,156.8,,,,,1120,156.8
020101664,纸盒,CH221447,50,600,,,,,50,600
020101665,纸盒,CH221448,50,600,,,,,50,600
020101666,彩盒,CH221576,100,2000,,,,,100,2000
020101670,（趣味刮画-花朵贺卡）信封,CH221855,3050,2592.5,,,360,306,2690,2286.5
020101671,（趣味刮画-车车贺卡）信封,CH221856,3050,2592.5,,,360,306,2690,2286.5
020101672,（趣味刮画-公主贺卡）信封,CH221857,3050,2592.5,,,360,306,2690,2286.5
020101673,（趣味刮画-恐龙贺卡）信封,CH221858,3050,2592.5,,,360,306,2690,2286.5
020101079,展开小信封,CH221773,9150,8646.75,,,496,468.72,8654,8178.03
020101080,纸盒,CH221773,3050,2882.25,,,496,468.72,2554,2413.53
020101081,天地盖糊裱盒,CH221808,3036,14390.64,,,452,2142.48,2584,12248.16
020101082,礼品盒,CH221773,3036,18999.29,,,496,3103.97,2540,15895.32
020101083,半圆翻盖手提盒,CH221893,3036,32931.49,,,1102,11953.39,1934,20978.1
020101084,（热缩片信封装-动物）信封,,,,8050,7647.5,,,8050,7647.5
02010319,(线条刮刮画-哇！动物们)刮画,CH1542,7290,11518.2,,,,,7290,11518.2
02010320,(线条刮刮画-恐龙)刮画,CH1544,6810,10759.8,,,,,6810,10759.8
02010321,(线条刮刮画-独角兽)刮画,CH1545,8970,14172.6,,,,,8970,14172.6
02010328,(线条刮刮画-鸟类动物)刮画,CH1543,7290,11518.2,,,,,7290,11518.2
02010342,(关节玩偶-花园精灵)刮画,CH191682,,,3050,10370,480,1632,2570,8738
02010343,(关节玩偶-独角兽)刮画,CH191683,1768,6011.2,,,580,1972,1188,4039.2
02010345,(关节玩偶-森林动物)刮画,CH191685,2926,9965.03,,,232,790.12,2694,9174.91
02010364,刮画,CH191434,5876,37606.4,,,932,5964.8,4944,31641.6
02010365,刮画,CH201721,1295,2861.95,,,,,1295,2861.95
02010366,刮画,CH201723,1216,2808.96,,,120,277.2,1096,2531.76
02010372,刮画,CH201761,966,3622.5,,,,,966,3622.5
02010373,刮画,CH201767,3062,5205.4,,,,,3062,5205.4
02010374,刮画,CH201768,2798,4756.6,,,,,2798,4756.6
02010375,水性刮画,CH201772,588,940.8,,,128,204.8,460,736
02010378,(刮画花束) 刮画+刮笔,CH211731,2110,3544.8,,,,,2110,3544.8
02010379,(刮画花束) 刮画+刮笔,CH211732,2420,4065.6,,,384,645.12,2036,3420.48
02010380,(刮画花束) 刮画+刮笔,CH211733,1930,3242.4,,,,,1930,3242.4
02010381,(刮画花束) 刮画+刮笔,CH211734,2800,4704,,,350,588,2450,4116
02010382,（DIY立体刮刮画- 蝴蝶）刮画,CH211787,5400,11934,,,1360,3005.6,4040,8928.4
02010384,(趣味刮刮画-动物)刮画,CH211790,2870,6314,,,1020,2244,1850,4070
02010385,(趣味刮刮画-恐龙)刮画,CH211791,2870,6888,,,1020,2448,1850,4440
02010386,(趣味刮刮画-海洋)刮画,CH211792,2870,6888,,,1020,2448,1850,4440
02010388,（线条刮画-神奇天马）水性刮刮画,CH221541,2710,4552.8,,,1560,2620.8,1150,1932
02010389,（线条刮画-童话精灵）水性刮刮画,CH221546,3430,5762.4,,,1660,2788.8,1770,2973.6
02010390,（趣味刮画-太空）水性刮刮画,CH191678,1740,5115.6,,,360,1058.4,1380,4057.2
02010391,（趣味刮画-工程车）水性刮刮画,CH191679,1620,4762.8,,,360,1058.4,1260,3704.4
02010393,（刮画-动物们）水性刮刮画,CH221568,7710,12181.8,,,1600,2528,6110,9653.8
02010394,（刮画-鸟类）水性刮刮画,CH221569,7950,12561,,,1600,2528,6350,10033
02010395,（刮画-恐龙）水性刮刮画,CH221570,7830,12371.4,,,,,7830,12371.4
02010396,（刮画-独角兽）水性刮刮画,CH221571,7950,12561,,,2320,3665.6,5630,8895.4
02010397,（趣味刮画-萌萌小怪兽）水性刮刮画,CH191680,2360,6938.4,,,420,1234.8,1940,5703.6
02010398,（趣味刮画-交通工具）水性刮刮画,CH191681,2820,8290.8,,,420,1234.8,2400,7056
0201030102,恐龙水性刮画,CH221773,3050,4803.75,,,496,781.2,2554,4022.55
0201030103,刮画,CH221808,5050,33330,,,452,2983.2,4598,30346.8
02010429,(手工相框-新十字绣艺术卡-孔雀)卡片,CH1524,600,546,,,,,600,546
02010430,(折纸套装-动物)卡片,CH1060,2113,633.9,,,,,2113,633.9
02010431,(折纸套装-工程车)卡片,CH1334,1000,300,,,,,1000,300
02010433,(动力折纸套装-跳舞鸟)卡片,CH1465,400,240,,,,,400,240
02010447,(薄页纸套装-蝴蝶)卡片,CH1460,684,1026,,,,,684,1026
02010448,(薄页纸套装-火烈鸟)卡片,CH1461,560,840,,,,,560,840
02010449,(薄页纸套装-孔雀)卡片,CH1462,310,465,,,,,310,465
02010468,(DIY手链)纸托,SD198132,180,153,,,,,180,153
02010469,(绕线画-海马)纸托,SD198134,1800,2070,,,,,1800,2070
02010470,(绕线画-鲸鱼)纸托,SD198135,550,676.5,,,,,550,676.5
02010491,异形2折页,CH191592,11602,4363.2,,,6050,2420,5552,1943.2
02010492,异形2折页,CH191593,15812,6324.8,,,6548,2619.2,9264,3705.6
02010493,异形2折页,CH191594,7836,3134.4,,,4352,1740.8,3484,1393.6
02010494,异形2折页,CH191595,2673,935.55,,,1165,407.75,1508,527.8
02010495,四折页,BTS196001,2472,1112.4,,,25,11.25,2447,1101.15
02010496,四折页,BTS196002,358,161.1,,,48,21.6,310,139.5
02010499,四折页,BTS196005,622,279.9,,,,,622,279.9
020104108,贺卡,CH201743,2280,5700,,,500,1250,1780,4450
020104109,贺卡,CH201744,3092,7730,,,150,375,2942,7355
020104110,内托,,5060,3440.8,,,,,5060,3440.8
02010500,12色丝滑蜡笔折页,,2000,1100,,,,,2000,1100
020105001,造型沙小卡片说明书,,4000,600,,,,,4000,600
020105002,卡片,CH201764,172,154.8,,,172,154.8,,
020105003,卡片,CH201763,6094,5484.6,,,172,154.8,5922,5329.8
020105004,卡片,CH201765,652,586.8,,,172,154.8,480,432
020105005,卡片,CH201766,5798,5218.2,,,172,154.8,5626,5063.4
020105006,贺卡,CH201772,6138,1841.4,,,1288,386.4,4850,1455
020105008,异形2折页,CH211590,8078,3129.8,6100,2440,1216,486.4,12962,5083.4
020105009,异形2折页,CH211591,3980,1393,,,832,291.2,3148,1101.8
020105010,（钻石画-猫咪）面具,CH201767,42,65.52,,,,,42,65.52
020105012,（4合1独角兽手工盒）家长贴士,,4000,1160,,,,,4000,1160
020105013,（木制印章）家长贴士,,2675,535,,,,,2675,535
020105014,（摩尔家族去野餐）家长贴士,,1000,200,,,,,1000,200
020105015,（摩尔奶奶教缝制）家长贴士,,1000,200,,,,,1000,200
020105016,（钻石画）家长贴士,,2000,400,,,,,2000,400
020105017,（涂鸦与装扮）家长贴士,,2000,400,,,,,2000,400
020105018,（折纸飞机）家长贴士,,2000,520,,,,,2000,520
020105029,（造型沙礼盒装）家长贴士,,5000,1500,,,,,5000,1500
020105030,（大圆筒系列）家长贴士,,14400,2880,,,,,14400,2880
020105035,（3合1水画本）家长贴士,,4000,800,,,,,4000,800
020105037,（积木蜡笔）家长贴士,,4000,800,,,,,4000,800
020105038,（折纸）家长贴士,,4000,800,,,,,4000,800
020105039,（积木蜡笔-交通）纸内托,BTS216013,5810,2033.5,,,124,43.4,5686,1990.1
020105040,（积木蜡笔-恐龙）纸内托,BTS216014,6810,2383.5,,,,,6810,2383.5
020105041,（积木蜡笔-太空）纸内托,BTS216015,4030,1410.5,,,,,4030,1410.5
020105042,（积木蜡笔-城市）纸内托,BTS216016,4000,1400,,,,,4000,1400
020105043,（积木蜡笔-城市）画纸,BTS216016,8886,2827.5,,,,,8886,2827.5
020105044,（积木蜡笔-太空）画纸,BTS216015,8910,2833.5,,,,,8910,2833.5
020105045,（积木蜡笔-恐龙）画纸,BTS216014,10836,3792.6,,,,,10836,3792.6
020105046,（积木蜡笔-交通）画纸,BTS216013,10954,3833.9,,,124,43.4,10830,3790.5
020105055,（梦幻刮画灯）纸内托,CH191434,4342,2605.2,,,932,559.2,3410,2046
020105073,（多款手链大盒子）绕线卡片,,,,3030,363.6,,,3030,363.6
020105075,（进阶缝制）家长贴士,,5000,1600,,,,,5000,1600
020105083,3张铁胶卡片,CH211788,3100,16740,,,284,1533.6,2816,15206.4
020105084,3张铁胶卡片,CH211789,3148,16999.2,,,184,993.6,2964,16005.6
020105085,异形纸卡,CH211790,9770,1954,,,4080,816,5690,1138
020105086,异形纸卡,CH211791,5550,1110,,,1020,204,4530,906
020105087,异形纸卡,CH211792,5808,1161.6,,,2040,408,3768,753.6
020104141,（立体拼贴画-动物部落）拼插纸卡,CH221839,4856,16632,,,1720,5934,3136,10698
020104142,（立体拼贴画-春日花园）拼插纸卡,CH221840,5720,19612.8,,,1720,5934,4000,13678.8
020104143,（立体拼贴画-恐龙时代）拼插纸卡,CH221841,4856,16632,,,1288,4443.6,3568,12188.4
020104144,（立体拼贴画-海洋公主）拼插纸卡,CH221842,4928,16880.4,,,1216,4195.2,3712,12685.2
020105106,纸质面具,CH221575,1120,89.6,,,,,1120,89.6
020105108,福字,CH221575,1120,44.8,,,,,1120,44.8
020104150,贺卡,CH221855,9150,4270,,,360,90,8790,4180
020104151,贺卡,CH221856,9150,4270,,,360,90,8790,4180
020104152,贺卡,CH221857,9150,4270,,,360,90,8790,4180
020104153,贺卡,CH221858,9150,4270,,,360,90,8790,4180
020104154,贺卡,CH221773,3050,2882.25,,,496,468.72,2554,2413.53
020104155,纸质调色盘,CH221773,3050,3684.4,,,496,599.17,2554,3085.23
020104156,拼插纸卡,CH221893,3050,8387.5,,,1102,3030.5,1948,5357
020104157,拼插纸卡,CH221773,3050,7472.5,,,496,1215.2,2554,6257.3
02010508,(水画纸-小狼)水画纸,LP10939-1,8100,42930,,,,,8100,42930
02010512,沙画纸,LE01220-1,8249,21694.87,,,,,8249,21694.87
02010518,(像素马赛克-城市与交通)四折页,CH191596,159,135.15,,,159,135.15,,
02010542,装饰纸卡,CH191682,8968,3138.8,6100,2135,480,168,14588,5105.8
02010543,装饰纸卡,CH191683,1818,72.72,,,580,23.2,1238,49.52
02010545,装饰纸卡,CH191685,8353,2923.55,,,232,81.2,8121,2842.35
02010546,内衬卡,CH191682/3/4/5,19950,15960,,,480,384,19470,15576
02010560,围卡,CH191434,1576,819.52,,,932,484.64,644,334.88
02010567,拷贝纸,,,,2550,1402.5,,,2550,1402.5
02010568,磁贴固定纸板,,200,72,,,,,200,72
02010569,磁力墙贴双胶纸,,200,13,,,,,200,13
02010570,衍纸,,23360,42048,,,,,23360,42048
02010571,内衬,CH201743,2260,791,,,500,175,1760,616
02010572,内衬,CH201744,3092,1082.2,,,150,52.5,2942,1029.7
02010578,衍纸衬卡,,4947,1236.75,,,,,4947,1236.75
02010581,纸孔板,CH201772,3138,4079.4,,,1052,1367.6,2086,2711.8
02010582,拼插纸卡,CH201761,2966,5487.1,,,,,2966,5487.1
02010583,拼插纸卡+支架+底座纸卡,CH201760,2966,13999.52,,,,,2966,13999.52
02010584,印台内衬,CH201764,172,51.6,,,172,51.6,,
02010585,印台内衬,CH201763,6094,1828.2,,,172,51.6,5922,1776.6
02010586,印台内衬,CH201765,652,195.6,,,172,51.6,480,144
02010587,印台内衬,CH201766,5798,1739.4,,,172,51.6,5626,1687.8
02010588,内衬档条,CH201772,68,30.6,,,68,30.6,,
02010590,封套,CH201760,2966,2610.08,,,,,2966,2610.08
02010591,内衬,CH201760,2966,3054.98,,,,,2966,3054.98
02010592,孔洞纸卡+旗帜纸卡,CH201760,4760,2094.4,,,,,4760,2094.4
02010593,封套,CH201761,2966,2610.08,,,,,2966,2610.08
02010594,内衬,CH201761,2966,2521.1,,,,,2966,2521.1
020106004,彩纸,CH211734,,,8,406.4,8,406.4,,
020106006,硫酸纸,,48480,5800.4,,,,,48480,5800.4
020106011,（衍纸艺术套装-独角兽）纸条,CH201743,2330,72.23,,,36,1.12,2294,71.11
020106023,装饰纸卡,CH191682,1878,75.12,3050,122,480,19.2,4448,177.92
020106024,装饰纸卡,CH191685,2226,89.04,,,232,9.28,1994,79.76
020106025,纸条,CH201744,3162,98.02,,,150,4.65,3012,93.37
020106026,拼插纸卡,BTS216017,4332,8967,,,280,560,4052,8407
020106027,拼插纸卡,BTS216018,2834,5951.4,,,164,344.4,2670,5607
020106028,拼插纸卡,BTS216019,2834,5951.4,,,160,336,2674,5615.4
020106029,拼插纸卡,BTS216020,4320,8943,,,560,1120,3760,7823
020106030,（创意蜡笔套装-四季变换）圆形底纸,BTS216017,4302,688.32,,,280,44.8,4022,643.52
020106031,（创意蜡笔套装-森林音乐会）圆形底纸,BTS216018,2686,429.76,,,164,26.24,2522,403.52
020106032,（创意蜡笔套装-小小树屋）圆形底纸,BTS216019,2334,373.44,,,160,25.6,2174,347.84
020106033,（创意蜡笔套装-去野餐呀）圆形底纸,BTS216020,4290,686.4,,,560,89.6,3730,596.8
020106034,（创意蜡笔套装-四季变换）内衬,BTS216017,4302,1935.9,,,280,126,4022,1809.9
020106035,（创意蜡笔套装-森林音乐会）内衬,BTS216018,2686,1208.7,,,164,73.8,2522,1134.9
020106036,（创意蜡笔套装-小小树屋）内衬,BTS216019,2334,1050.3,,,160,72,2174,978.3
020106037,（创意蜡笔套装-去野餐呀）内衬,BTS216020,4290,1930.5,,,560,252,3730,1678.5
020106038,纸带,38195,,,2550,331.5,,,2550,331.5
020106045,纸浆片,38195,7650,7650,,,,,7650,7650
020106048,纸圈,,16800,420,,,,,16800,420
020106049,拉页,CH221815--18,656,314.88,,,656,314.88,,
020106050,装饰纸卡,CH191683,6968,2438.8,,,1580,553,5388,1885.8
020106068,硫酸纸,,3200,480,,,,,3200,480
020106077,内衬,ZE1070A,3020,4530,,,3020,4530,,
020106083,内衬,ZE1067A,3020,2869,,,3020,2869,,
020106085,（阳光捕手套装）纸模板,,,,6100,28060,6100,28060,,
020106088,小纸圈,CH221815-18,15262,305.24,24000,480,2932,58.64,36330,726.6
020106093,（串珠-粉兔兔）内衬,CH221883,5408,1135.68,3030,636.3,1960,411.6,6478,1360.38
020106094,（串珠-紫喵喵）内衬,CH221884,5120,1075.2,3030,636.3,1960,411.6,6190,1299.9
020106095,（串珠-蓝汪汪）内衬,CH221885,5168,1085.28,3030,636.3,1912,401.52,6286,1320.06
020106096,（串珠-桔小狐）内衬,CH221886,5456,1145.76,3030,636.3,1336,280.56,7150,1501.5
020106097,英文拉页,CH221815-18,10862,4401.7,6000,2700,2932,1026.2,13930,6075.5
020106099,纸卡,CH221863/64/65/66,4000,1752,,,,,4000,1752
020106105,异型刮刮画纸卡,CH221575,1120,168,,,,,1120,168
020106106,异型纸卡,CH221575,1120,156.8,,,,,1120,156.8
0201050101,硬卡板纸,CH1437,3000,5430,,,,,3000,5430
0201050102,硬卡板纸,CH1441,3000,5430,,,,,3000,5430
0201050103,硬卡板纸,CH1435,3000,5430,,,,,3000,5430
0201050104,硬卡板纸,CH1443,3000,5430,,,,,3000,5430
0201050111,围卡,CH221808,3050,1769,,,452,262.16,2598,1506.84
0201050113,围卡,CH221773,3050,2818.2,,,496,458.3,2554,2359.9
0201050112,内衬档条,CH221773,3050,1433.5,,,496,233.12,2554,1200.38
0201050114,内衬,CH221808,3036,2155.56,,,452,320.92,2584,1834.64
0201050115,封套,CH221893,3036,2073.59,,,1102,752.67,1934,1320.92
0201050116,半圆遮挡板,CH221893,3036,1436.03,,,1102,521.25,1934,914.78
02010601,(手工缝制玩偶-猴子)材料包,CH1371,500,3970,,,,,500,3970
02010605,(手工缝制玩偶-浣熊)材料包,CH1375,900,6777,,,,,900,6777
02010611,(手工缝制玩偶-天使)材料包,CH1381,920,6992,,,,,920,6992
02010613,(手工缝制玩偶-火烈鸟)材料包,CH1383,100,760,,,,,100,760
02010615,(手工缝制玩偶-羊驼)材料包,CH1385,200,1656,,,,,200,1656
02010622,(Key Chain-羊驼)材料包,CH1631,60,279,,,60,279,,
02010635,珠子材料包,,3000,29400,,,,,3000,29400
02010657,配件,PZ205061,150,480,,,,,150,480
02010658,配件,PZ205062,150,480,,,,,150,480
02010659,配件,PZ205063,150,480,,,,,150,480
02010660,配件,PZ205064,150,480,,,,,150,480
02010661,配件,PZ205065,150,480,,,,,150,480
02010662,配件,PZ205066,150,480,,,,,150,480
02010668,梦幻独角兽翅膀,CH201770,1892,15136,,,85,680,1807,14456
02010669,神秘喷火龙翅膀,CH201771,642,6420,,,12,120,630,6300
02010671,(艾维尼马赛克拼贴画-独角兽)EVA贴,CH211590,2120,4452,,,1216,2553.6,904,1898.4
02010675,(DIY钩钩包- 鹿）材料包,CH211754,128,1036.8,,,128,1036.8,,
02010676,（小圆筒缝制-小狐狸）材料包,CH211636,1571,7310.85,,,230,1075.2,1341,6235.65
02010206,(手工缝制玩偶-考拉)说明书,CH1376,12942,1996.24,,,1862,223.44,11080,1772.8
02010207,(手工缝制玩偶-兔子)说明书,CH1377,6100,976,,,,,6100,976
02010208,(手工缝制玩偶-喵咪)说明书,CH1378,4800,768,,,360,57.6,4440,710.4
02010216,(手工缝制玩偶-独角兽)说明书,CH1386,4244,679.04,,,344,55.04,3900,624
02010219,(新十字绣艺术卡-大象)说明书,CH1435,3050,244,,,3050,244,,
02010221,(新十字绣艺术卡-狮子)说明书,CH1437,3050,244,,,3050,244,,
02010225,(新十字绣艺术卡-狐狸)说明书,CH1441,3050,244,,,3050,244,,
02010227,(新十字绣艺术卡-松鼠)说明书,CH1443,3050,244,,,3050,244,,
02010233,(薄页纸套装-火烈鸟)说明书,CH1461,260,26,,,,,260,26
02010234,(薄页纸套装-孔雀)说明书,CH1462,1854,185.4,,,,,1854,185.4
02010243,(刮刮画-宇宙)说明书,CH1171,283,28.3,,,,,283,28.3
02010257,(刮刮画-独角兽)说明书,CH1428,2017,201.7,,,,,2017,201.7
02010275,(手工相框-新十字绣艺术卡-孔雀)说明书,CH1524,680,68,,,,,680,68
020102145,Key Chain-猫头鹰-说明书,CH1629,462,73.92,,,462,73.92,,
020102151,Key Chain-大嘴鸟-说明书,CH1630,2043,204.3,,,,,2043,204.3
020102152,Key Chain-羊驼-说明书,CH1631,1924,307.84,,,932,149.12,992,158.72
020102154,Key Chain-鹿-说明书,CH1633,698,111.68,,,164,26.24,534,85.44
020102155,Key Chain-企鹅-说明书,CH1634,1178,188.48,,,360,57.6,818,130.88
020102157,Doll-独角兽-说明书,CH1620,1083,173.28,,,1083,173.28,,
020102126,(钥匙扣-兔子)说明书,LLT8080,3000,300,,,,,3000,300
020102127,(钥匙扣-狮子)说明书,LLT8081,3000,300,,,,,3000,300
020102130,(圣诞老人)说明书,CH1650,1100,110,,,,,1100,110
020102133,趣味十字绣中文说明书,,438,21.9,,,,,438,21.9
020102134,薄页纸套装中文说明书,,579,28.95,,,,,579,28.95
020102135,马赛克套装中文说明书,,2935,146.75,,,,,2935,146.75
020102137,植绒画套装中文说明书,,3105,155.25,,,,,3105,155.25
020102138,帆布画框套装中文说明书,,4000,200,,,,,4000,200
020102146,(麋鹿)说明书,CH1651,1100,110,,,,,1100,110
020102147,(雪人)说明书,CH1652,1100,110,,,,,1100,110
020102170,内销说明书,CH191702,689,34.45,,,689,34.45,,
020102171,内销说明书,CH191703,1000,50,,,360,18,640,32
020102173,外销说明书,CH191696,914,73.12,2050,164,360,28.8,2604,208.32
020102174,外销说明书,CH191697,1488,119.04,,,,,1488,119.04
020102175,外销说明书,CH191699,3852,308.16,2050,164,1288,103.04,4614,369.12
020102176,外销说明书,CH191700,1084,86.72,,,360,28.8,724,57.92
020102177,外销说明书,CH191701,3692,295.36,,,360,28.8,3332,266.56
020102178,外销说明书,CH191702,8363,669.04,,,3540,283.2,4823,385.84
020102179,外销说明书,CH191703,3778,302.24,,,360,28.8,3418,273.44
020102180,外销说明书,CH191704,4032,322.56,2050,164,360,28.8,5722,457.76
020102181,(礼品盒-海洋)说明书,MB197064,1600,240,,,,,1600,240
020102182,(礼品盒-食物)说明书,MB197065,1500,225,,,,,1500,225
020102183,(礼品盒-海洋)说明书,MB199211,1900,635,,,,,1900,635
020102184,(礼品盒-食物)说明书,MB199212,1650,535,,,,,1650,535
020102189,外销说明书,CH191698,1652,132.16,,,216,17.28,1436,114.88
020102190,太空沙海洋中文说明书,MB199211,2060,824,,,,,2060,824
020102191,太空沙食物中文说明书,MB199212,1100,440,,,,,1100,440
020102220,说明书,CH1641,1600,160,,,,,1600,160
020102221,说明书,CH1643,1600,160,,,,,1600,160
020102231,说明书,CH1644,1600,160,,,,,1600,160
020102232,说明书,CH1645,1600,160,,,,,1600,160
020102233,说明书,CH1648,1600,160,,,,,1600,160
020102234,说明书,CH1649,1600,160,,,,,1600,160
020102238,低幼马赛克中文说明书,,5000,300,,,,,5000,300
020102251,说明书,CH1547,2000,200,,,,,2000,200
020102252,说明书,CH1549,2000,200,,,,,2000,200
020102253,说明书,CH191653,2000,200,,,,,2000,200
020102254,说明书,CH191654,2000,200,,,,,2000,200
020102255,说明书,MB207143,2000,200,,,,,2000,200
020102256,说明书,MB207144,2000,200,,,,,2000,200
020102257,说明书,MB207145,2000,200,,,,,2000,200
020102258,说明书,CH197135,2900,1740,,,,,2900,1740
020102259,说明书,CH197136,2900,1740,,,,,2900,1740
020102260,说明书,CH191434,1576,1576,,,932,932,644,644
020102267,说明书,CH201749,2330,372.8,,,240,38.4,2090,334.4
020102268,说明书,CH201750,3770,572.7,,,204,32.64,3566,540.06
020102269,说明书,CH201751,3416,494.1,,,198,19.8,3218,474.3
020102270,说明书,CH201743,2260,1536.8,,,500,340,1760,1196.8
020102271,说明书,CH201744,3092,2102.56,,,150,102,2942,2000.56
020102273,拼插中文说明书,PZ2050613D,3000,150,,,,,3000,150
020102274,拼插中文说明书,PZ2050623D,3000,150,,,,,3000,150
020102275,拼插中文说明书,PZ2050633D,3000,150,,,,,3000,150
020102276,拼插中文说明书,PZ2050643D,3000,150,,,,,3000,150
020102277,拼插中文说明书,PZ2050653D,3000,150,,,,,3000,150
020102278,拼插中文说明书,PZ2050663D,3000,150,,,,,3000,150
020102279,针钩包中文说明书,CH201749,448,71.68,,,240,38.4,208,33.28
020102284,灯带刮画中文说明书,,1000,50,,,,,1000,50
020103003,中文说明书,,3800,570,,,,,3800,570
020103005,额外说明书,,9395,3030.8,,,,,9395,3030.8
020103010,说明书册子-独角兽,CH201770,1466,1011.54,,,85,58.65,1381,952.89
020103011,说明书册子-神秘喷火龙,CH201771,190,131.1,,,12,8.28,178,122.82
020103013,说明折页,CH201764,172,48.16,,,172,48.16,,
020103014,说明折页,CH201763,6094,1706.32,,,172,48.16,5922,1658.16
020103015,说明折页,CH201765,652,182.56,,,172,48.16,480,134.4
020103016,说明折页,CH201766,5798,1623.44,,,172,48.16,5626,1575.28
020103017,说明书册子,CH201772,68,57.8,,,68,57.8,,
020102314,刮画卡板书,CH201761,2946,23509.08,,,,,2946,23509.08
020103018,说明书册子,CH201760,3946,4154.1,,,,,3946,4154.1
020103019,说明书册子,CH201761,3946,4154.1,,,,,3946,4154.1
020103022,中文说明书,CH201768,760,136.8,,,,,760,136.8
020103023,中文说明书,CH201763,304,182.4,,,304,182.4,,
020103025,中文说明书,CH201765,532,319.2,,,172,103.2,360,216
020103026,中文说明书,CH201766,828,496.8,,,172,103.2,656,393.6
020103039,Doll-羊驼-中文说明书,CH1623,331,52.96,,,331,52.96,,
020103046,Key Chain-鹿-中文说明书,CH1633,812,129.92,,,164,26.24,648,103.68
020103047,Key Chain-企鹅-中文说明书,CH1634,272,43.52,,,272,43.52,,
020103054,关节刮画中文说明书,,2000,160,,,,,2000,160
020103055,毛条刮画中文说明书,,2000,160,,,,,2000,160
020103056,线条、男款刮画中文说明书,,5000,300,,,,,5000,300
020103057,低幼刮画中文说明书,,15000,900,,,,,15000,900
020103060,花束刮画-中文说明书,,8700,435,,,,,8700,435
020103064,积木蜡笔-中文说明书,,3000,480,,,,,3000,480
020103065,（钩钩包-熊猫）说明书,CH211752,2646,423.36,,,364,58.24,2282,365.12
020103066,（钩钩包-考拉）说明书,CH211753,2662,425.92,,,462,73.92,2200,352
020103067,（钩钩包-鹿）说明书,CH211754,128,20.48,,,128,20.48,,
020103068,中文说明书,CH1377,4000,640,,,,,4000,640
020103073,（积木蜡笔-交通）说明书,BTS216013,5810,1278.2,,,124,27.28,5686,1250.92
020103074,（积木蜡笔-恐龙）说明书,BTS216014,6810,1505.76,,,,,6810,1505.76
020103075,（积木蜡笔-太空）说明书,BTS216015,4030,896.6,,,,,4030,896.6
020103076,（积木蜡笔-城市）说明书,BTS216016,4000,889.76,,,,,4000,889.76
020103094,（小圆筒缝制-小狐狸）中文说明书,CH211636,618,98.88,,,230,36.8,388,62.08
020103095,（小圆筒缝制-小狐狸）英文说明书,CH211636,3474,555.84,,,230,36.8,3244,519.04
020103107,(四面展架)说明书,,30,90,,,,,30,90
020103111,说明书,CH211796,1821,291.36,,,480,76.8,1341,214.56
020103112,说明书,CH211797,1410,225.6,,,1020,163.2,390,62.4
020103113,说明书,CH211798,1541,246.56,,,1020,163.2,521,83.36
020103114,说明书,CH211799,1429,228.64,,,1020,163.2,409,65.44
020103119,中文说明书,CH201769,840,840,,,,,840,840
020103123,Doll-企鹅-说明书,CH1626,3050,488,,,620,99.2,2430,388.8
020103124,A3画册,ZE1067A,3030,9999,,,3030,9999,,
020103125,A3画册,ZE1069A,,,3010,9933,,,3010,9933
020103126,A3画册,ZE1070A,3030,14544,,,3030,14544,,
020102307,中文说明书,PZ215067,1930,308.8,,,,,1930,308.8
020102308,中文说明书,PZ215068,1930,308.8,,,,,1930,308.8
020102309,中文说明书,PZ215069,1930,308.8,,,,,1930,308.8
020102316,中文说明书,PZ215070,1930,308.8,,,,,1930,308.8
020102318,说明书,CH211788,3100,465,,,284,42.6,2816,422.4
020102319,说明书,CH211789,3148,472.2,,,184,27.6,2964,444.6
020102320,中文说明书,BTS216017-20,4308,689.28,,,280,44.8,4028,644.48
020102321,中文说明书,CH211790,740,74,,,240,24,500,50
020102322,中文说明书,CH211791,20,2,,,20,2,,
020102323,中文说明书,CH211792,380,38,,,102,10.2,278,27.8
020103131,（DIY造纸套装）说明书,38195,,,2550,1275,,,2550,1275
020102330,(小圆筒-老虎）中文说明书,CH221637,702,112.32,,,702,112.32,,
020102333,(小圆筒-老虎）说明书,CH221637,3782,605.12,,,1036,165.76,2746,439.36
020102011,中文说明书,CH211809,1017,1017,,,,,1017,1017
020102334,中文说明书,CH221815,1656,264.96,,,932,149.12,724,115.84
020102335,（线条刮画）中文说明书,CH221541-46 CH221568-71,2580,412.8,,,1020,163.2,1560,249.6
020102013,说明书,CH221815,3684,589.44,,,932,149.12,2752,440.32
020102014,说明书,CH221816,2832,453.12,3030,484.8,656,104.96,5206,832.96
020102015,说明书,CH221817,3192,510.72,3030,484.8,1444,231.04,4778,764.48
020102016,说明书,CH221818,5550,888,,,1216,194.56,4334,693.44
020102341,中文说明书,CH191698,432,21.6,,,216,10.8,216,10.8
020102036,小册子,ZE1070A,3020,755,,,3020,755,,
020102040,小册子,ZE1067A,3020,755,,,3020,755,,
020103138,（阳光捕手套装）说明书,,,,6100,1464,6100,1464,,
020102343,英文说明书,CH221801,2664,426.24,,,896,143.36,1768,282.88
020102344,英文说明书,CH221802,2880,460.8,,,1216,194.56,1664,266.24
020102345,英文说明书,CH221803,1618,258.88,2050,328,1192,190.72,2476,396.16
020102346,英文说明书,CH221804,2736,437.76,,,1264,202.24,1472,235.52
020102347,英文说明书,CH221805,3024,483.84,,,1576,252.16,1448,231.68
020102348,英文说明书,CH221806,1498,239.68,2050,328,1244,199.04,2304,368.64
020102349,英文说明书,CH221807,1594,255.04,,,592,94.72,1002,160.32
020102350,英文说明书,CH221800,1282,205.12,,,516,82.56,766,122.56
020102045,（折纸恐龙）中文说明书,CH221810,1228,1228,,,180,180,1048,1048
020102046,中文说明书,CH221800,252,40.32,,,252,40.32,,
020102049,中文说明书,CH221803,588,94.08,,,126,20.16,462,73.92
020102052,中文说明书,CH221806,468,74.88,,,125,20,343,54.88
020102053,中文说明书,CH221807,564,90.24,,,126,20.16,438,70.08
020102054,（串珠-粉兔兔）英文说明书,CH221883,5408,865.28,3030,484.8,1960,313.6,6478,1036.48
020102055,（串珠-紫喵喵）英文说明书,CH221884,5120,819.2,3030,484.8,1960,313.6,6190,990.4
020102056,（串珠-蓝汪汪）英文说明书,CH221885,5168,826.88,3030,484.8,1912,305.92,6286,1005.76
020102057,（串珠-桔小狐）英文说明书,CH221886,5456,872.96,3030,484.8,1336,213.76,7150,1144
020102058,（方盒-考拉）中文说明书,CH1376,1280,256,,,72,14.4,1208,241.6
020102059,（立体拼贴画）中文说明书,CH221839/40/41/42,668,133.6,,,668,133.6,,
020102353,（不湿沙-四色混）说明书,,,,15200,3800,,,15200,3800
020102354,中文说明书,CH221575,1120,56,,,,,1120,56
020102073,中文说明书,CH221773,1030,800,,,30,300,1000,500
020102074,中文说明书,CH221808,1030,800,,,30,300,1000,500
020102075,中文说明书,CH221855/56/57/58,4130,1030,,,4000,640,130,390
020102355,中文说明书,CH221893,1033,1544,,,33,594,1000,950
020102356,英文说明书,CH221893,3036,2884.2,,,1102,1046.9,1934,1837.3
020102077,英文说明书,CH221773,3036,1518,,,496,248,2540,1270
020102078,英文说明书,CH221808,3036,1518,,,452,226,2584,1292
020102079,中文说明书,CH221811,1000,500,,,164,82,836,418
020102082,中文说明书,CH221818,1000,160,,,216,34.56,784,125.44
020102083,（独角兽3D挂饰）说明书,,,,11080,1440.4,,,11080,1440.4
020102085,（热缩片信封装-动物）说明书,,,,8050,1288,,,8050,1288
020107,薄页纸,,1260,3298.68,,,,,1260,3298.68
02010817,马赛克EVA贴,CH191592,1122,2356.2,,,1000,2100,122,256.2
02010818,马赛克EVA贴,CH191593,2872,6031.2,3030,6363,2232,4687.2,3670,7707
02010820,马赛克EVA贴,CH191595,386,810.6,,,386,810.6,,
02010830,EVA贴,CH211590,,,6080,12768,1216,2553.6,4864,10214.4
02010837,EVA贴,CH211595,1530,3213,,,,,1530,3213
02010901,黑色-#310毛线,,700,77,,,,,700,77
02010906,白色-#BLANC毛线,,98,4165,,,,,98,4165
02010909,黑色-#310毛线,,9,292.5,,,,,9,292.5
02010913,红色-#817毛线,,4,130,,,,,4,130
02010914,绿色-#703毛线,,1,32.5,,,,,1,32.5
02010915,棕色-#300毛线,,1,32.5,,,,,1,32.5
02010916,浅蓝色-#800毛线,,3,97.5,,,,,3,97.5
02010917,粉色-#605毛线,,3,97.5,,,,,3,97.5
02010918,黄色-#444毛线,,3,97.5,,,,,3,97.5
02010919,粉红色-#603毛线,,3,97.5,,,,,3,97.5
02010921,浅绿色-#964毛线,,11,132,,,,,11,132
02010925,鞋带1,CH201760,7900,790,,,,,7900,790
02010926,鞋带2,CH201760,3100,465,,,,,3100,465
02010928,白色毛线,,103,4377.5,,,,,103,4377.5
02010929,白色-绦纶线,,3100,341,,,,,3100,341
02010935,粉色-3609 涤纶线,,12500,1375,,,,,12500,1375
02010936,橘色-947 涤纶线,,12500,1375,,,,,12500,1375
02010937,黄色-307 涤纶线,,12500,1375,,,,,12500,1375
02010938,绿色-907 涤纶线,,13500,1485,,,,,13500,1485
02010939,藏青色-823 涤纶线,,12500,1375,,,,,12500,1375
02010940,棉线 S283,,,,5000,1400,,,5000,1400
02010941,白色棉线,,191,2498.28,,,,,191,2498.28
02010943,浅鸡黄-腈纶毛线,,128.5,3490.68,,,,,128.5,3490.68
02010944,荷粉-腈纶毛线,,116,3190.68,,,,,116,3190.68
02010945,深雪青-腈纶毛线,,116,3190.68,,,,,116,3190.68
02010946,宝蓝-腈纶毛线,,116,3190.68,,,,,116,3190.68
02010947,大红-腈纶毛线,,116,3190.68,,,,,116,3190.68
02010948,鞋带 橘红色,,62300,4880.7,5000,395,,,67300,5275.7
02010956,夕红- 毛线41#,,11,305.9,,,,,11,305.9
02010957,荷粉- 毛线13#,,5.5,152.96,,,,,5.5,152.96
02010958,浅粉- 毛线10#,,5.5,152.96,,,,,5.5,152.96
02010959,漂白- 毛线02#,,5.5,152.96,,,,,5.5,152.96
02011004,毛毡PN-080,PN-080,13,104,,,,,13,104
02011005,毛毡PN-001,PN-001,86,688,,,60,480,26,208
02011009,毛毡PN-081,PN-081,23,184,,,,,23,184
02011010,毛毡PN-057,PN-057,9,72,,,,,9,72
02011013,毛毡PN-128,PN-128,18,144,,,,,18,144
02011014,毛毡PN-022,PN-022,1,8,,,,,1,8
02011015,毛毡PN-018,PN-018,3,24,,,,,3,24
02011016,硬毛毡PN-902,PN-902,50,500,,,,,50,500
02011017,毛毡PN-121,PN-121,4,32,,,,,4,32
02011018,毛毡PN-091,PN-091,53,424,,,,,53,424
02011020,毛毡PN-003,PN-003,14,112,,,,,14,112
02011021,毛毡PN-072,PN-072,20,160,,,,,20,160
02011022,毛毡PN-062,PN-062,57,456,,,,,57,456
02011024,毛毡PN-029,PN-029,58,464,,,,,58,464
02011025,毛毡PN-093,PN-093,,,80,640,60,480,20,160
02011026,毛毡PN-009,PN-009,15,120,,,,,15,120
02011027,硬毛毡-884,884,31,310,,,,,31,310
02011028,短毛绒,,439,9877.5,,,,,439,9877.5
02011029,毛毡PN-006,PN-006,54,432,,,,,54,432
02011030,毛毡PN-005,PN-005,23,184,,,,,23,184
02011031,毛毡PN-116,PN-116,32,326.4,,,,,32,326.4
02011032,毛毡PN-108,PN-108,23,184,,,,,23,184
02011033,毛毡PN-101,PN-101,24,192,,,,,24,192
02011035,毛毡PN-017,PN-017,31,248,,,,,31,248
02011036,硬毛毡-846,,43,430,,,,,43,430
02011040,背胶毛毡PN-005,PN-005,15,74.25,,,,,15,74.25
02011041,背胶毛毡PN-108,PN-108,23,113.85,,,,,23,113.85
02011042,背胶毛毡PN-117,PN-117,2,9.9,,,,,2,9.9
02011043,白网点毛毡PN-116,PN-116,3,30.6,,,,,3,30.6
02011047,刮画云朵毛毡,,10796,1727.36,50000,8000,23879,3820.64,36917,5906.72
02011048,毛毡PN-063,PN-063,2,16,,,,,2,16
02011050,短毛绒,,12,178.2,,,,,12,178.2
02011051,短毛绒,,70,1109.5,,,,,70,1109.5
02011052,短毛绒,,14,207.9,,,,,14,207.9
02011053,硬毛毡1114,1114,18,73.8,,,,,18,73.8
02011054,硬毛毡1103,1103,28,114.8,,,,,28,114.8
02011055,硬毛毡1130,1130,19,77.9,,,,,19,77.9
02011056,硬毛毡1174,1174,18,73.8,,,,,18,73.8
02011057,硬毛毡1155,1155,14,57.4,,,,,14,57.4
02011058,硬毛毡1226,1226,18,73.8,,,,,18,73.8
02011059,硬毛毡1110,1110,23,94.3,,,,,23,94.3
02011060,硬毛毡1120,1120,20,82,,,,,20,82
02011064,猫咪面具云朵毛毡,,231,48.51,,,231,48.51,,
02011065,蓝色硬毛毡-16,,44,532,,,,,44,532
02011066,硬毛毡-820,,28,280,,,,,28,280
02011067,硬毛毡-255,,24,120,,,,,24,120
02011068,硬毛毡-823,,22,220,,,,,22,220
02011069,毛毡-063,,8,112,,,,,8,112
02011070,毛毡-026,,20,280,,,,,20,280
02011071,毛毡-080,,42,588,,,,,42,588
02011072,毛毡-022,,38,532,,,,,38,532
02011073,软毛毡-026,,37,296,,,,,37,296
02011074,软毛毡-017,,31,248,,,,,31,248
02011075,软毛毡-128,,26,208,,,,,26,208
02011076,软毛毡-091,,41,328,,,,,41,328
02011077,软毛毡-022,,35,280,,,,,35,280
02011078,硬毛毡-821,,14,140,,,,,14,140
02011080,软毛毡-051,,27,216,,,,,27,216
02011081,软毛毡-054,,20,160,,,,,20,160
02011083,绒布,CH1376,4,90,,,4,90,,
02011084,绒布,,255,5737.5,,,,,255,5737.5
02011086,软毛毡-F1,CH1377,18,126,,,,,18,126
02011087,复合短毛绒PN-001,CH1386,45,713.25,,,45,713.25,,
02011088,考拉衣服,CH1376,2985,2238.75,,,720,540,2265,1698.75
02011089,兔子衣服,CH1377,3020,2265,,,,,3020,2265
02011090,猫咪衣服,CH1378,4330,1948.5,,,360,162,3970,1786.5
02011091,毛毡PN-162,PN-162,82,656,,,60,480,22,176
02011092,硬毛毡-821,821,21,210,,,,,21,210
02011093,硬毛毡-213,213,50,250,,,,,50,250
02011097,毛毡 PN-026,PN-101,25,200,,,,,25,200
02011098,毛毡PN-054,PN-054,98,784,,,60,480,38,304
02011099,毛毡PN-042,PN-042,47,376,,,,,47,376
02011112,背胶-硬毛毡,P-052,3,32.4,,,,,3,32.4
02011115,背胶-硬毛毡,P-202,55,594,,,,,55,594
02011116,背胶-硬毛毡,P-010,71,766.8,,,60,648,11,118.8
02011117,背胶-硬毛毡,P-206,6,64.8,,,,,6,64.8
02011118,背胶-硬毛毡,P-062,30,324,,,,,30,324
02011119,背胶-硬毛毡,P-118,30,324,,,,,30,324
02011121,背胶-硬毛毡,P-059,35,378,,,,,35,378
02011122,硬毛毡-2202,,15,162,,,,,15,162
02011123,硬毛毡-2207,,15,162,,,,,15,162
02011124,硬毛毡-2206,,15,162,,,,,15,162
02011125,硬毛毡-2211,,15,162,,,,,15,162
02011126,硬毛毡-2217,,15,162,,,,,15,162
02011127,硬毛毡-2219,,15,162,,,,,15,162
02011128,硬毛毡-2215,,15,162,,,,,15,162
02011129,硬毛毡-2214,,15,162,,,,,15,162
02011130,硬毛毡-2218,,15,162,,,,,15,162
02011131,硬毛毡-2220,,15,162,,,,,15,162
02011132,硬毛毡-2248,,15,162,,,,,15,162
02011133,硬毛毡-2209,,15,162,,,,,15,162
02011134,软毛毡PN-143,,75,600,,,60,480,15,120
02011138,背胶软毛毡,P-001,6,64.8,,,,,6,64.8
02011140,背胶软毛毡,P-202,30,324,,,,,30,324
02011141,背胶软毛毡,P-010,8,86.4,,,,,8,86.4
02011142,背胶软毛毡,P-206,50,540,,,,,50,540
02011143,背胶软毛毡,P-062,40,432,,,,,40,432
02011144,背胶软毛毡,P-118,30,324,,,,,30,324
02011145,背胶软毛毡,P-069,30,324,,,,,30,324
02011146,背胶软毛毡,P-059,30,324,,,,,30,324
02011147,背胶-硬毛毡,P-239,60,648,,,60,648,,
02011148,背胶-硬毛毡,P-166,61,658.8,,,60,648,1,10.8
02011149,背胶-硬毛毡,P-165,20,216,,,,,20,216
02011150,背胶-硬毛毡,P-020,73,788.4,,,60,648,13,140.4
02011151,硬毛毡-866,,86,860,,,60,600,26,260
02011152,硬毛毡-855,,50,500,,,,,50,500
02011154,硬毛毡-824,,20,200,,,,,20,200
02011160,硬毛毡-849,,55,550,,,,,55,550
02011161,硬毛毡-853,,40,400,,,,,40,400
02011164,硬毛毡,272,20,129.6,,,,,20,129.6
02011165,软毛毡-H43,玫红色 H43,60,168,,,60,168,,
02011167,软毛毡-H82,米白色 H82,40,112,,,,,40,112
02011169,软毛毡-H115,紫色 H115,19,53.2,,,,,19,53.2
02011170,黑色闪粉贴,,49,882,,,,,49,882
02011171,银色闪粉贴,,56,1008,,,,,56,1008
02011172,粉色闪粉贴,,18,324,,,,,18,324
02011173,七彩白,,14,280,,,,,14,280
02011174,长毛绒复合 -米色,,73,131.4,,,,,73,131.4
02011175,长毛绒复合 -白色,,55.8,100.44,,,,,55.8,100.44
02011177,长毛绒复合 -咖啡色,,113.4,204.12,,,,,113.4,204.12
02011178,长毛绒复合 -灰色,,82,491.8,,,,,82,491.8
02011179,灯芯绒复合 -粉色,,379,1288.6,,,,,379,1288.6
02011180,灯芯绒复合 -白色,,413,1404.2,,,,,413,1404.2
02011181,灯芯绒复合 -咖啡色,,259,880.6,,,,,259,880.6
02011182,灯芯绒复合 -绿色,,93,316.2,178,605.2,,,271,921.4
02011183,灯芯绒复合 -橙色,,61,207.4,,,,,61,207.4
02011184,灯芯绒复合 -紫色,,135,459,,,,,135,459
02011187,硬毛毡 2873,,48,155.52,,,,,48,155.52
02011188,硬毛毡 807,,55,178.2,,,,,55,178.2
02011189,硬毛毡 TW,,60,194.4,,,60,194.4,,
02011190,硬毛毡 3052,,18,58.32,,,,,18,58.32
02011191,硬毛毡 898,,11,35.64,,,,,11,35.64
02011192,硬毛毡 3016,,11,35.64,,,,,11,35.64
02011193,硬毛毡 T2910,,80,259.2,,,60,194.4,20,64.8
02011194,软毛毡-H40,,80,224,,,60,168,20,56
02011199,长毛绒复合 -粉色,,19,64.6,,,,,19,64.6
020110013,硬毛毡-3802,,39,175.5,100,450,60,270,79,355.5
020110014,硬毛毡-3823,,55,247.5,,,,,55,247.5
020110015,硬毛毡-3824,,55,247.5,,,,,55,247.5
020110016,硬毛毡-3826,,30,135,,,,,30,135
020110017,硬毛毡-3828,,55,247.5,,,,,55,247.5
020110018,硬毛毡-3845,,30,135,,,,,30,135
020110019,硬毛毡-3863,,50,225,,,,,50,225
020110020,硬毛毡-3876,,60,270,,,60,270,,
020110021,硬毛毡-3920,,30,135,,,,,30,135
020110022,硬毛毡-3952,,30,135,,,,,30,135
020110023,硬毛毡-3985,,30,135,,,,,30,135
020110024,硬毛毡-3988,,30,135,,,,,30,135
020110025,背胶-硬毛毡,P-208,18,194.4,,,,,18,194.4
020110028,毛毡PN-070,,50,400,,,,,50,400
020110029,硬毛毡-22,,98,980,,,60,600,38,380
020110030,硬毛毡-14,,80,800,,,60,600,20,200
020110031,硬毛毡-20,,120,1200,,,60,600,60,600
020110032,背胶-硬毛毡,P-003,20,216,,,,,20,216
020110033,背胶-硬毛毡,P-008,10,108,,,,,10,108
020110034,背胶-硬毛毡,P-022,90,972,,,60,648,30,324
020110035,背胶-硬毛毡,P-110,20,216,,,,,20,216
020110036,背胶-硬毛毡,P-115,10,108,,,,,10,108
020110037,背胶-硬毛毡,P-127,50,540,,,,,50,540
020110038,背胶-硬毛毡,P-215,30,324,,,,,30,324
020110039,背胶-硬毛毡,P-245,30,324,,,,,30,324
020110042,毛毡PN-013,,70,560,,,60,480,10,80
020110043,毛毡PN-157,,10,80,,,,,10,80
020110044,毛毡PN-051,,60,480,,,60,480,,
020110045,硬毛毡-2822,,15,48.6,,,,,15,48.6
020110046,硬毛毡-T2803,,65,210.6,,,60,194.4,5,16.2
020110047,硬毛毡-873,,15,48.6,,,,,15,48.6
020110048,毛毡PN-008,,30,240,,,,,30,240
020110049,毛毡PN-144,,40,320,,,,,40,320
020110050,背胶软毛毡,P-166,60,648,,,60,648,,
020110051,硬毛毡-T3021,T3021,55,178.2,,,,,55,178.2
020110052,硬毛毡-T2994,T2994,60,194.4,,,60,194.4,,
020110053,硬毛毡-T2821,T2821,60,194.4,,,60,194.4,,
020110054,硬毛毡-T3086,T3086,55,178.2,,,,,55,178.2
020110055,长毛绒背胶,,25,150,,,,,25,150
020110056,硬毛毡-T2811,T2811,60,194.4,150,486,60,194.4,150,486
020110057,硬毛毡-T2825,,20,64.8,50,162,60,194.4,10,32.4
020110058,硬毛毡-T3012,,60,194.4,,,60,194.4,,
020110059,硬毛毡-T3114,,30,97.2,120,388.8,60,194.4,90,291.6
020110060,毛毡PN-096,PN-096,40,320,,,,,40,320
020110061,毛毡PN-115,PN-115,80,640,,,60,480,20,160
020110062,硬毛毡-T2802,,50,162,,,,,50,162
020110063,硬毛毡-T2863,,84,272.16,,,60,194.4,24,77.76
020110064,硬毛毡-T2822,,50,162,,,,,50,162
020110065,硬毛毡-T2812,,60,194.4,,,60,194.4,,
020110066,硬毛毡-T3025,,10,32.4,,,,,10,32.4
020110067,硬毛毡-815,,50,162,,,,,50,162
020110068,硬毛毡-2807,,20,64.8,,,,,20,64.8
020110069,软毛毡-H74,,10,28,,,,,10,28
020110070,硬毛毡-T2815,,10,32.4,,,,,10,32.4
020110071,硬毛毡-T2898,,10,32.4,,,,,10,32.4
020110072,硬毛毡-T3103,,20,64.8,,,,,20,64.8
020110073,灯芯绒复合 -棕色,,,,272,924.8,,,272,924.8
020111,PP棉,,1420,19880,,,,,1420,19880
02011402,(手工相框-新十字绣艺术卡-孔雀)尾卡纸,CH1524,1070,160.5,,,,,1070,160.5
02011406,(礼品盒-海洋)尾卡纸,MB197064,434,390.6,,,,,434,390.6
02011407,(礼品盒-食物)尾卡纸,MB197065,834,750.6,,,,,834,750.6
02011408,(礼品盒-海洋)尾卡纸,MB199211,4294,2941.1,,,,,4294,2941.1
02011409,(礼品盒-食物)尾卡纸,MB199212,3084,2154.6,,,,,3084,2154.6
02011501,包装塑料盒,,300,6150,,,,,300,6150
020116,帆布画框,,2600,7280,,,,,2600,7280
02011815,透明PET片,,1600,240,,,,,1600,240
02011826,透明大PET片,,13200,6468,,,,,13200,6468
02011834,PET片小,,6200,930,,,,,6200,930
02011837,上色帆布玩偶颜料,,136,174.08,,,,,136,174.08
02011838,紫色亮片串,,14,29.33,,,,,14,29.33
02011841,磁力贴片,CH191735,4900,20041,,,,,4900,20041
02011845,衍纸笔,,23610,17707.5,,,,,23610,17707.5
02011846,衍纸曲规器,,9260,7871,,,,,9260,7871
02011847,衍纸补充装-衍纸,,2000,3700,,,,,2000,3700
02011848,衍纸补充装-衍纸笔,,6200,4650,,,,,6200,4650
02011852,PET小,LC200037-1,12100,1815,,,,,12100,1815
02011857,银色PU,,92,3477.6,,,,,92,3477.6
02011858,彩虹色皮革,,224,10886.4,,,,,224,10886.4
02011859,缝制卡板书,CH201760,2946,26219.4,,,,,2946,26219.4
02011868,衍纸补充装-衍纸笔,CH201746,3964,20774.21,,,,,3964,20774.21
02011878,钥匙扣,CH201772,5958,1042.65,,,1288,225.4,4670,817.25
02011881,PET盖 小,,37440,5428.8,12100,1754.5,,,49540,7183.3
02011883,纸胶带,ZE1070A,3030,3196.65,,,3030,3196.65,,
02011888,塑料条,,6060,2666.4,4000,1760,10060,4426.4,,
02011890,海绵刷,ZE1067A,3100,3565,,,3100,3565,,
02011891,蘑菇头海绵刷,ZE1067A,3100,2170,,,3100,2170,,
02011892,PET盖 大,,15390,8156.7,,,,,15390,8156.7
02011893,网格木框,38195,,,2550,12823.95,,,2550,12823.95
02011894,圆木棒,38195,,,2550,3001.35,,,2550,3001.35
020118018,PET盒子,ZE1067A,6100,2440,,,6100,2440,,
020118022,手指画颜料,ZE1067A,3030,19998,,,3030,19998,,
020118034,蜡线-P102,,8800,2640,3100,930,,,11900,3570
020118035,蜡线-P108,,23600,6765,4200,1260,,,27800,8025
020118036,蜡线-P118,,32300,9270,7300,2190,,,39600,11460
020118037,蜡线-P140,,13000,3690,,,,,13000,3690
020118038,蜡线-P141,,4300,1290,2100,630,,,6400,1920
020118039,蜡线-P148,,11000,3300,,,,,11000,3300
020118040,蜡线-P158,,8700,2505,,,,,8700,2505
020118041,蜡线-P162,,5200,1300,,,,,5200,1300
020118042,蜡线-P146,,2100,525,,,,,2100,525
020118043,立方体+计数条+计数片,HSI201-309,1585,223168,,,,,1585,223168
020118047,（不湿沙-四色混）塑料瓶+盖子,30347,,,15250,10065,,,15250,10065
020118048,提杆,CH221575,80,24,,,,,80,24
02011902,帆布画毛刷,,3750,1875,,,,,3750,1875
02011903,塑料毛刷,,100000,24000,,,,,100000,24000
02012019,独角兽刮画不干胶,CH1428,4850,3880,,,,,4850,3880
02012032,5款不干胶,19A015-2,200,30,,,,,200,30
02012040,内销中文不干胶,,8000,960,,,,,8000,960
02012041,平张双面胶,,8500,1700,,,,,8500,1700
02012061,23款不干胶,,1540,154,,,,,1540,154
02012070,中文不干胶,CH1470,2000,150,,,,,2000,150
02012071,中文不干胶,CH1471,500,92.5,,,,,500,92.5
02012082,中文不干胶,CH1630,1700,136,,,,,1700,136
020120111,刮刮画不干胶,,5020,251,,,,,5020,251
020120113,大圆筒不干胶,,700,47.73,,,,,700,47.73
020120115,十字绣不干胶,,500,150,,,,,500,150
020120122,8款不干胶,19A103-33,480,21.6,,,,,480,21.6
020120131,两款不干胶,19A126-51,470,65.8,,,,,470,65.8
020120134,不干胶,19A161-1,1040,104,,,,,1040,104
020120135,不干胶,19A162-22,940,141,,,,,940,141
02012015217,（阳光捕手套装）价格不干胶,,,,6100,305,6100,305,,
02012015219,价格不干胶,30347,,,15200,760,,,15200,760
02012015709,袋子警告语PE不干胶,,19496,1603.32,,,,,19496,1603.32
02012015883,额外不干胶,,4290,365.6,119077,14691.56,,,123367,15057.16
02012015896,额外不干胶-前置,,,,10000,750,,,10000,750
020120159102,牛皮纸不干胶,,382,271.6,3004,2403.2,,,3386,2674.8
020120159103,二维码不干胶,,220500,4410,4000,80,,,224500,4490
020120159113,（珠子塑料盒装）额外不干胶,,1300,351,,,,,1300,351
02012015908,刮画不干胶,CH1674,1125,132.5,,,125,12.5,1000,120
02012015910,刮画不干胶,CH1677,185,18.5,,,,,185,18.5
02012016003,纹身贴不干胶,69362,450,45,,,,,450,45
02012016004,纹身贴不干胶,69361,250,25,,,,,250,25
02012016005,纹身贴不干胶,69446,200,20,,,,,200,20
02012016006,纹身贴不干胶,69454,200,20,,,,,200,20
02012016007,纹身贴不干胶,69458,300,30,,,,,300,30
02012016011,纹身贴不干胶,69360,450,45,,,,,450,45
02012016012,纹身贴不干胶,69364,450,45,,,,,450,45
02012016801,指甲贴不干胶,NA198173,500,40,,,,,500,40
02012016802,指甲贴不干胶,NA198174,500,40,,,,,500,40
02012016803,指甲贴不干胶,NA198175,2200,156,,,,,2200,156
02012016804,指甲贴不干胶,NA198176,3305,268.5,,,,,3305,268.5
02012016805,指甲贴不干胶,NA198177,705,60.5,,,,,705,60.5
02012016806,指甲贴不干胶,NA198178,2105,210.5,,,,,2105,210.5
02012016807,指甲贴不干胶,NA198179,500,40,,,,,500,40
02012016808,指甲贴不干胶,NA198180,500,40,,,,,500,40
02012016809,指甲贴不干胶,NA198181,3100,248,,,,,3100,248
02012016810,指甲贴不干胶,NA198182,210,31.5,,,,,210,31.5
02012016811,指甲贴不干胶,NA198183,210,31.5,,,,,210,31.5
02012016812,指甲贴不干胶,NA198184,210,31.5,,,,,210,31.5
02012016813,指甲贴不干胶,NA198185,210,31.5,,,,,210,31.5
02012016814,指甲贴不干胶,NA198186,210,31.5,,,,,210,31.5
02012016815,指甲贴不干胶,NA198187,210,31.5,,,,,210,31.5
02012017301,纹身贴不干胶,69326,1200,84,,,,,1200,84
02012017302,纹身贴不干胶,69327,1100,77,,,,,1100,77
02012017303,纹身贴不干胶,69328,700,70,,,,,700,70
02012017304,纹身贴不干胶,69568,1000,100,,,,,1000,100
0201210177,中文不干胶,CH191601,2000,240,,,,,2000,240
020120174,包装不干胶,38131,6060,909,3030,909,9090,1818,,
020120176,价格不干胶,38131,3030,75.75,,,3030,75.75,,
0201210189,黑白不干胶,,6425,424.95,4980,348.6,,,11405,773.55
0201210199,背胶贴纸,CH221839,4778,2484.56,3030,1575.6,1720,894.4,6088,3165.76
0201210200,背胶贴纸,CH221840,5642,2933.84,,,1720,894.4,3922,2039.44
0201210201,背胶贴纸,CH221841,4778,2484.56,3030,1575.6,1288,669.76,6520,3390.4
0201210202,背胶贴纸,CH221842,4778,2484.56,,,1216,632.32,3562,1852.24
0201210203,荧光色背胶贴纸,CH221839,4778,1815.64,3030,1151.4,1720,653.6,6088,2313.44
0201210204,荧光色背胶贴纸,CH221840,5642,2143.96,,,1720,653.6,3922,1490.36
0201210205,荧光色背胶贴纸,CH221841,4778,1815.64,3030,1151.4,1288,489.44,6520,2477.6
0201210206,荧光色背胶贴纸,CH221842,4778,1815.64,,,1216,462.08,3562,1353.56
020120142,荧光色背胶贴纸,CH221773,3050,1159,,,496,188.48,2554,970.52
020120143,普通背胶贴纸,CH221773,3050,793,,,496,128.96,2554,664.04
02012103,粉色绒毛球,,6,150,,,,,6,150
02012104,紫色绒毛球,,5,125,,,,,5,125
02012105,黄色绒毛球,,4,100,,,,,4,100
02012106,浅蓝色绒毛球,,6,150,,,,,6,150
02012107,青色绒毛球,,7,175,,,,,7,175
02012108,白色绒毛球,,3,82.5,,,,,3,82.5
02012112,万花尺,,2411,2820.87,,,,,2411,2820.87
02012116,1.5MM蜡线,,74400,18600,,,,,74400,18600
02012121,原色太空沙,,1900,13680,,,,,1900,13680
02012133,贝壳,,85,3502,,,,,85,3502
02012139,金色冰丝流苏,,2800,375.2,,,,,2800,375.2
02012140,粉红色发箍,,3500,1176,,,,,3500,1176
02012141,蓝色发箍,,7600,2584,,,,,7600,2584
02012142,闪粉网纱,,5780,4450.6,,,,,5780,4450.6
02012147,黄色小锤子,,2200,1883.2,,,,,2200,1883.2
02012149,绿色胶头针,,9,1440,,,,,9,1440
02012150,五角星珠子-粉色,,3400,68,,,,,3400,68
02012151,五角星珠子-蓝色,,3400,68,,,,,3400,68
02012154,粉色塑料针,,200000,8200,,,,,200000,8200
020121117,S413金线,,5,129,,,,,5,129
020121110,塑料刀,,3200,864,,,,,3200,864
020121130,亮粉纸,,3200,2880,,,,,3200,2880
020121131,塑料钉,,64200,69978,,,,,64200,69978
020121132,灯带,CH191434,1887,3962.7,,,932,1957.2,955,2005.5
020121140,衍纸套装纸条,,7000,217,,,,,7000,217
020121141,印台,CH201764,172,232.2,,,172,232.2,,
020121142,印台,CH201763,6124,8267.4,,,172,232.2,5952,8035.2
020121143,印台,CH201765,652,880.2,,,172,232.2,480,648
020121144,印台,CH201766,5852,7900.2,,,172,232.2,5680,7668
020121145,印章,CH201763,4498,26763.1,,,172,1023.4,4326,25739.7
020121148,印章,CH201766,4998,29738.1,,,172,1023.4,4826,28714.7
020121123,多边体木珠,,36800,5520,,,36800,5520,,
02012224,圆柱体木珠,,36800,2576,,,36800,2576,,
02012225,圆形木珠,,36800,2576,,,36800,2576,,
02012226,立方体木珠,,51850,4666.5,,,51850,4666.5,,
02012227,爱心木珠,,33750,5737.5,,,33750,5737.5,,
02012228,星星木珠,,33750,5737.5,,,33750,5737.5,,
02012229,钻石,CH201767,42,58.8,,,,,42,58.8
02012246,金色链条+包扣,,,,3030,1999.8,,,3030,1999.8
02012247,不锈钢圆珠链子,,2000,700,,,,,2000,700
02012261,钓鱼竿,CH211788,21676,18202.92,,,568,96.56,21108,18106.36
02012262,干花,,,,17,2380,,,17,2380
020121149,棉线-823,,,,6200,682,,,6200,682
020121156,涤纶线-300,,2,65,,,,,2,65
020121157,涤纶线-948,,7,227.5,1,32.5,,,8,260
020121158,涤纶线-996,,3,97.5,1,32.5,,,4,130
020121159,涤纶线-3820,,4,130,,,,,4,130
020121160,涤纶线-307,,13,422.5,,,,,13,422.5
02012264,印台,,690,310.5,,,,,690,310.5
02012265,北极绒,CH1623,156.6,1338.93,,,92,786.6,64.6,552.33
02012266,北极绒,CH1624,158.4,1354.32,,,85,726.75,73.4,627.57
02012267,北极绒,,46,393.3,,,,,46,393.3
02012268,无纺布,,3194.2,5430.14,,,,,3194.2,5430.14
02012269,薄页纸,,,,14000,308,,,14000,308
02012270,工具笔,CH201767/68,9110,2277.5,,,,,9110,2277.5
02012272,网布,,600,3600,,,,,600,3600
02012273,鹿皮绳,,9600,3840,,,,,9600,3840
02012274,冰条线,,3200,3520,,,,,3200,3520
020121161,冰条线 粉色,,20,700,,,,,20,700
020121162,冰条线 灰色,,88.2,3704.4,,,,,88.2,3704.4
020121163,冰条线 白色,,82,3444,,,,,82,3444
02012275,毛球,,5550,1620.4,,,,,5550,1620.4
020121014,塑料发声器,30349,,,6050,6655,,,6050,6655
02012205,沙画纸,I20125A-3,3000,10950,,,,,3000,10950
02012401,绕线鲸鱼MDF板,,660,3333.3,,,,,660,3333.3
02012402,绕线海马MDF板,,960,6192,,,,,960,6192
02012607,4合1轻泥,CH201761,16716,38446.8,,,,,16716,38446.8
02012612,（不湿沙-四色混）不湿沙,30347,,,500,6750,,,500,6750
02013001,毛条,红+黄,106,614.8,,,,,106,614.8
02013002,毛条,黄+绿,63,365.4,,,,,63,365.4
02013003,毛条,桔+黑,64,371.2,,,,,64,371.2
02013004,毛条,蓝+紫,127,736.6,,,,,127,736.6
02013005,毛条,紫+绿,64,371.2,,,,,64,371.2
02013007,加密毛条,L-50浅雪牙,7000,700,,,,,7000,700
02013008,加密毛条,L-25白色,7000,700,,,,,7000,700
02013009,加密毛条,L-43浅湖蓝,7000,700,,,,,7000,700
02013010,加密毛条,L-39浅黄,7000,700,,,,,7000,700
02013011,毛条,浅粉+果绿,200,1840,,,,,200,1840
02013012,毛条,浅黄+深湖蓝,200,1840,,,,,200,1840
02013013,毛条,大红色,6100,201.3,,,6100,201.3,,
02013014,毛条,蓝色,6100,201.3,,,6100,201.3,,
02013101,(沙子礼盒套装-海洋)印章模具,,1218,7795.2,,,,,1218,7795.2
02013102,(沙子礼盒套装-海洋)普通模具,,1018,4326.5,,,,,1018,4326.5
02013103,(沙子礼盒套装-食物)印章模具,,642,4108.8,,,,,642,4108.8
02013104,(沙子礼盒套装-食物)普通模具,,492,2091,,,,,492,2091
02013106,造型沙模具,MB199318,1048,3493.19,,,,,1048,3493.19
02013107,造型沙模具,MB199335,529,1993.41,,,,,529,1993.41
02013108,造型沙模具,MB199316,785,2116.49,,,,,785,2116.49
02013109,造型沙模具,MB199311,1222,4850.07,,,,,1222,4850.07
02013114,PP模板,ZE1067A,3030,8635.5,,,3030,8635.5,,
02013115,PP模板,ZE1070A,3030,7575,,,3030,7575,,
02013116,PP模板,ZE1067A,3030,6666,,,3030,6666,,
020201,毛条,,13972,737.96,,,,,13972,737.96
02020201,3CM有字圆贴,,784,14.11,,,,,784,14.11
02020202,3CM无字圆贴,,30134,607.09,,,,,30134,607.09
02020204,4CM无字圆贴,,98400,2469.6,,,,,98400,2469.6
02020205,AUZOU 3CM 圆贴,,37980,652.5,,,,,37980,652.5
02020208,AUZOU 4CM 圆贴可移,,200671,6131.51,,,,,200671,6131.51
02020209,3CM无字可移圆贴,,267100,6140,,,,,267100,6140
02020210,4CM无字可移圆贴,,353099,8839.87,,,30300,757.5,322799,8082.37
02020211,4CM无字不可移圆贴,,87900,2285.4,,,,,87900,2285.4
02020212,2CM 有字 圆贴（新款刮画灯）,,34100,13120,,,,,34100,13120
02020213,3CM有字圆贴 不可移,,174376,3286.94,,,576,10.94,173800,3276
02020214,3CM无字不可移圆贴,,200000,3000,,,,,200000,3000
02020215,4CM 有字 不可移圆贴,,273850,6846.25,,,68524,1713.1,205326,5133.15
02020216,4CM 有字 圆贴,,5938,148.45,,,,,5938,148.45
02020218,圆贴,,19,267,,,,,19,267
02020219,4CM 有字 不可移圆贴 带黑标,,167850,4196.25,,,67824,1695.6,100026,2500.65
02020302,双头刮笔,,83250,11625.5,,,43100,5603,40150,6022.5
02020304,A号竹刮笔,,8214,903.54,,,2214,243.54,6000,660
02020305,B号竹刮笔,,22617,2940.21,,,6872,893.36,15745,2046.85
02020307,斜切木刮笔带logo,,20300,3045,,,3652,547.8,16648,2497.2
02020408,(十字绣线)PE袋,,4485,269.1,,,2700,162,1785,107.1
02020409,刮画PE袋,,1444,259.92,,,,,1444,259.92
02020411,PE袋,,1650,363,,,,,1650,363
02020415,PE袋,,1800,304,,,,,1800,304
02020416,PE袋,,3000,60,,,3000,60,,
02020420,收缩袋,,10000,781,,,7000,406,3000,375
02020421,PE袋,,50,9,,,,,50,9
02020424,棉线-OPP袋,,800,20.8,,,,,800,20.8
02020428,十字绣PE袋,,10700,642,,,7140,428.4,3560,213.6
02020430,塑料眼睛PE袋,,7800,202.8,,,3980,103.48,3820,99.32
02020442,纸镜框收缩膜袋,,2000,112,,,2000,112,,
02020443,糊裱盒收缩膜袋,,10740,665.88,,,7000,434,3740,231.88
02020445,PE袋,,500,122.5,,,,,500,122.5
02020447,PE袋1,,26715,3047.1,,,25650,2226.5,1065,820.6
02020448,PE袋2,,36280,2826,,,31600,1858,4680,968
02020449,PE袋3,,22720,3738.3,,,21450,3187.5,1270,550.8
02020450,OPP袋,CH1640/42,4000,1000,,,2210,552.5,1790,447.5
02020458,PE袋,,113320,4532.8,10000,400,94532,3781.28,28788,1151.52
02020459,PE袋,,153444,3989.54,20000,520,30944,804.54,142500,3705
02020462,沙子封骨袋,,5316,797.4,,,3000,450,2316,347.4
02020468,PE袋1,,37500,2324.8,,,34300,1990.8,3200,334
02020469,PE袋2,,45390,2731,,,25700,1112,19690,1619
02020470,PE袋3,,32500,2576.9,,,7200,86.4,25300,2490.5
02020471,PE袋4,,40658,4939.64,,,31128,4584.54,9530,355.1
02020472,PE袋5,,16620,1335.8,,,8320,604.8,8300,731
02020473,PE袋6,,8175,1272.7,,,7580,1046.6,595,226.1
02020474,PE袋7,,8200,852.4,,,40,19.6,8160,832.8
02020475,PE袋8,,8330,761.3,,,7300,545,1030,216.3
02020476,PE袋9,,10225,633.5,,,9850,558.5,375,75
02020478,绕线画棉线钉子PE袋,,4110,143.85,,,1620,56.7,2490,87.15
02020480,绕线画鲸鱼PE袋,,1585,285.3,,,,,1585,285.3
02020481,沙子铝箔袋,,10000,2080,,,100,20.8,9900,2059.2
02020484,MDF板海马PE袋,,2340,362.7,,,2340,362.7,,
02020489,PE袋,,26820,1740.9,,,25500,1504.5,1320,236.4
02020490,关节人偶PE袋,,1200,48,,,,,1200,48
02020492,EFS/GE PE袋,,6000,480,,,3000,240,3000,240
020204106,指甲贴PE袋,,5000,550,,,3100,341,1900,209
020204115,收缩膜袋,,7000,775,,,4000,400,3000,375
020204117,PE袋,LC190085,1500,30,,,,,1500,30
020204121,OPP袋,,13740,1755.3,,,8740,830.3,5000,925
02020500,封骨袋,,23800,476,,,18400,368,5400,108
020204123,灯带刮画PE袋,,5300,232,,,300,57,5000,175
020204124,衍纸套装PE袋,,8700,348,,,4470,178.8,4230,169.2
02020511,PE袋10,,3395,280.15,,,3200,208,195,72.15
02020512,PE袋11,,3416,536.56,,,3200,448,216,88.56
02020513,PE袋12,,3510,246.1,,,3200,38.4,310,207.7
02020514,PE袋13,,3200,112,,,3200,112,,
020204126,PE袋,,916,128.24,,,,,916,128.24
02020516,收缩袋,CH201770,2742,252.26,,,2742,252.26,,
02020517,收缩袋,,11656,1282.16,,,6625,728.75,5031,553.41
02020519,收缩袋,,11324,792.68,,,7322,512.54,4002,280.14
02020520,收缩袋,,1514,121.12,,,,,1514,121.12
02020521,PE袋,,800,184,,,,,800,184
02020522,PE袋,,800,208,,,,,800,208
02020523,PE袋,,85500,8122.5,,,55685,5290.08,29815,2832.42
02020525,PE袋,,91700,14213.5,,,65120,10093.6,26580,4119.9
02020526,PE袋,,1100,165,,,,,1100,165
02020539,骨条袋,CH201744,1132,45.28,,,150,6,982,39.28
02020540,PE袋,CH201743,2250,90,,,2250,90,,
02020543,OPP袋,,45000,405,,,,,45000,405
02020548,收缩袋,,2540,121.94,,,942,45.23,1598,76.71
02020551,PE袋,CH201767/68,110,4.95,,,,,110,4.95
02020552,PE袋,,12613,504.52,,,6685,267.4,5928,237.12
02020554,透明束带,,60000,1650,,,45000,1350,15000,300
02020555,收缩袋,,10200,489.6,,,5566,267.17,4634,222.43
02020557,PE袋,,4600,161,,,2600,91,2000,70
02020559,PE袋,,22050,2425.5,,,10560,1161.6,11490,1263.9
02020561,PE袋,,11730,434.01,,,6040,223.48,5690,210.53
02020565,（进阶缝制）PE袋,,4000,280,,,2215,155.05,1785,124.95
02020566,PE袋,,6600,435.6,,,3200,211.2,3400,224.4
02020567,PE袋,,4200,176.4,,,1682,70.64,2518,105.76
02020568,PE袋,,6200,434,,,3200,224,3000,210
02020569,PE袋,,8100,567,,,4050,283.5,4050,283.5
02020570,PE袋,,8100,364.5,,,4050,182.25,4050,182.25
02020571,PE袋,,2100,31.5,,,2100,31.5,,
02020572,PE袋,,146100,9642.6,,,96750,6385.5,49350,3257.1
02020573,PE袋,,33500,2345,,,18400,1288,15100,1057
02020574,PE袋,,10350,1552.5,,,5526,828.9,4824,723.6
02020577,封骨袋,,80500,1610,,,47620,952.4,32880,657.6
02020578,纸袋,38195,2570,334.1,,,,,2570,334.1
02020579,纸袋,38195,2570,244.15,,,,,2570,244.15
02020580,PE袋,,3090,834.3,,,3090,834.3,,
02020581,PE袋,,100,57,,,,,100,57
02020582,PE袋,,420,96.6,,,,,420,96.6
02020583,PE袋,,600,198,,,,,600,198
02020584,PE袋,,335,110.55,,,,,335,110.55
02020585,PE袋,,940,347.8,,,,,940,347.8
02020586,PE袋,,900,477,,,,,900,477
02020587,PE袋,,350,234.5,,,,,350,234.5
02020588,PE袋,,140,53.2,,,,,140,53.2
02020589,PE袋,,50,10,,,,,50,10
02020590,PE袋,,335,130.65,,,,,335,130.65
02020591,PE袋,,110,103.4,,,,,110,103.4
02020592,PE袋,,100,27,,,,,100,27
02020593,PE袋,,520,130,,,,,520,130
02020594,PE袋,,125,86.25,,,,,125,86.25
02020595,PE袋,,115,47.15,,,,,115,47.15
02020596,PE袋,,720,135.36,,,,,720,135.36
02020605,PE袋,,14000,560,,,5526,221.04,8474,338.96
02020607,PE袋,,920,303.6,,,,,920,303.6
02020608,PE袋,,1220,402.6,,,,,1220,402.6
02020609,PE袋,,310,232.5,,,,,310,232.5
02020610,PE袋,,9500,370.5,6100,237.9,7362,287.12,8238,321.28
02020611,PE袋,,9800,1568,6100,976,7320,1171.2,8580,1372.8
02020612,PE袋,,13300,558.6,,,8892,373.46,4408,185.14
02020614,蜡光纸袋,,91500,23248,,,68900,16920,22600,6328
020204128,PE袋,,100,8,,,,,100,8
020204129,PE袋,,100,9,,,,,100,9
020204130,透明蜡光纸,,,,192000,4800,192000,4800,,
02020618,纸袋,,81200,7567,19300,1770,91200,8567,9300,770
020204131,PE袋,,140,28,,,,,140,28
020204132,PE袋,,215,64.5,,,,,215,64.5
020204133,PE袋,,200,60,,,,,200,60
020204134,PE袋,,150,24,,,,,150,24
020204135,PE袋,,440,82.72,,,,,440,82.72
020204136,PE袋,,1100,28.6,,,,,1100,28.6
020204137,PE袋,,12200,732,,,6030,361.8,6170,370.2
020204139,PE袋,,45,30.15,,,,,45,30.15
020204140,PE袋,,45,42.3,,,,,45,42.3
020204141,PE袋,,40,27.6,,,,,40,27.6
02020620,OPP袋,,,,10000,240,,,10000,240
02020621,蜡光纸袋,,,,67500,16200,40750,9780,26750,6420
02020622,PE袋,,,,300,30,,,300,30
020204142,OPP袋,,,,74800,2992,,,74800,2992
02020501102,Avenir外箱1543,CH1543,100,347,,,,,100,347
02020501106,外箱,CH1545,127,460.43,,,,,127,460.43
02020501107,AVENIR外箱-CH1542,CH1542,90,312.3,,,,,90,312.3
02020501108,AVENIR外箱-CH1544,CH1544,90,312.3,,,,,90,312.3
02020501139,Avenir外箱1628,CH1628,100,363,,,25,90.75,75,272.25
02020501140,Avenir外箱1629,CH1629,20,72.6,,,10,36.3,10,36.3
02020501142,Avenir外箱1631,CH1631,,,130,471.9,20,72.6,110,399.3
02020501144,Avenir外箱1633,CH1633,20,76.2,,,1,3.81,19,72.39
02020501147,Avenir外箱1620,CH1620,200,660,,,100,330,100,330
02020501148,Avenir外箱1621,CH1621,39,131.82,,,39,131.82,,
02020501150,Avenir外箱1623,CH1623,18,60.84,100,330,18,60.84,100,330
02020501151,Avenir外箱1624,CH1624,,,100,330,25,82.5,75,247.5
02020501152,Avenir外箱1625,CH1625,,,100,330,25,82.5,75,247.5
02020501153,Avenir外箱1626,CH1626,150,507,,,35,118.3,115,388.7
02020501170,德国外箱1620,CH1620,35,118.3,,,,,35,118.3
02020501208,1435外箱,CH1435,63,227.43,,,,,63,227.43
02020501209,1437外箱,CH1437,70,252.7,,,,,70,252.7
02020501212,1441外箱,CH1441,70,252.7,,,,,70,252.7
02020501271,外箱,CH1674,35,134.75,,,35,134.75,,
02020501273,外箱,CH1677,33,127.05,,,,,33,127.05
02020501286,外箱,CH1276,50,180,,,,,50,180
02020501290,外箱,CH191696,48,114.24,,,10,23.8,38,90.44
02020501291,外箱,CH191697,20,65.2,,,,,20,65.2
02020501292,外箱,CH191699,143,360.94,,,20,65.2,123,295.74
02020501293,外箱,CH191700,20,65.2,,,10,32.6,10,32.6
02020501294,外箱,CH191701,53,143.74,,,20,47.6,33,96.14
02020501295,外箱,CH191702,108,267.08,,,8,26.08,100,241
02020501296,外箱,CH191703,20,65.2,,,5,16.3,15,48.9
02020501297,外箱,CH191704,20,65.2,,,5,16.3,15,48.9
02020501298,外箱,CH191698,20,65.2,,,2,6.52,18,58.68
02020501301,外箱,DP197088,200,631,,,100,329,100,302
02020501307,外箱,CH191596,42,179.54,,,20,98.8,22,80.74
02020501319,外箱,SD198130,30,76.2,,,,,30,76.2
02020501321,外箱,SD198135,140,340.2,,,,,140,340.2
02020501353,外箱,DP197074,200,797,,,100,430,100,367
02020501354,外箱,DP197083,100,403,,,100,403,,
02020501371,外箱,CH191682,85,303.45,,,10,35.7,75,267.75
02020501373,外箱,CH191684,30,104.4,,,,,30,104.4
02020501374,外箱,CH191685,89,345.13,,,69,246.33,20,98.8
02020501375,外箱,CH191710,18,137.52,,,18,137.52,,
0202050201,外箱,DP7062,30,137.7,,,14,64.26,16,73.44
0202050205,外箱,DP197094,122,556.37,,,100,456.04,22,100.33
0202050207,外箱,DP197099,115,331.2,,,100,288,15,43.2
0202050209,外箱,DP197101,55,174.35,,,18,57.06,37,117.29
0202050211,外箱,DP197110,299,643.47,300,573,402,816.4,197,400.07
02020501376,外箱,CH191592,147,655.89,,,100,427,47,228.89
02020501377,外箱,CH191593,147,655.89,,,100,427,47,228.89
02020501378,外箱,CH191594,100,427,,,60,256.2,40,170.8
02020501379,外箱,CH191595,100,427,,,93,397.11,7,29.89
02020501380,外箱,BTS196001,7,28.35,,,7,28.35,,
02020501386,外箱,BTS196007,50,163,,,,,50,163
02020501388,外箱,CH191706,110,532.4,,,,,110,532.4
02020501390,外箱,CH191708,100,484,,,,,100,484
02020501391,外箱,DP197087,140,639.8,,,90,397.8,50,242
02020501392,外箱,DP7063,260,954.2,,,165,605.55,95,348.65
02020501393,外箱,DP197104,355,1576.7,,,40,164.4,315,1412.3
02020501396,外箱,DP197098,170,847.5,,,40,172.8,130,674.7
02020501413,展示盒外箱,DP197109,50,172.5,,,22,75.9,28,96.6
02020501422,展示盒外箱,DP197102,78,334.22,,,28,104.72,50,229.5
02020501436,外箱,CH191678,70,257.6,,,3,11.04,67,246.56
02020501437,外箱,CH191679,80,294.4,,,6,22.08,74,272.32
02020501438,外箱,CH191680,92,338.56,,,12,44.16,80,294.4
02020501439,外箱,CH191681,88,323.84,,,8,29.44,80,294.4
02020501443,展示盒外箱,DP207170,100,403,,,100,403,,
02020501471,外箱,DP197119,100,430,,,100,430,,
02020501473,外箱,PZ205061,92,306.36,,,72,232.56,20,73.8
02020501474,外箱,PZ205062,77,257.91,,,48,155.04,29,102.87
02020501475,外箱,PZ205063,75,251.45,,,35,113.05,40,138.4
02020501476,外箱,PZ205064,60,203,,,26,83.98,34,119.02
02020501477,外箱,PZ205065,70,235.3,,,31,100.13,39,135.17
02020501478,外箱,PZ205066,110,364.5,,,90,290.7,20,73.8
02020501479,外箱,CH201618,265,906.1,,,25,88.5,240,817.6
02020501480,外箱,CH201619,26,92.04,100,330,26,92.04,100,330
02020501481,外箱,CH201749,69,212.52,,,15,46.2,54,166.32
02020501482,外箱,CH201750,24,73.92,,,24,73.92,,
02020501483,外箱,CH201751,58,178.64,,,58,178.64,,
02020501484,外箱,DP207235,235,847.4,,,135,491.4,100,356
02020501485,外箱,DP207236,190,745.6,,,100,391,90,354.6
02020501486,外箱,DP207215,78,287.82,,,42,154.98,36,132.84
02020501487,外箱,CH201743,30,124.8,,,30,124.8,,
02020501488,外箱,CH201744,100,481,,,50,240.5,50,240.5
02020501490,外箱,CH201723,68,278.12,,,20,81.8,48,196.32
02020501492,外箱,DP207234,100,376,,,100,376,,
02020501493,外箱,DP207240,100,236,,,100,236,,
02020501494,外箱,DP207277,90,212.4,,,55,129.8,35,82.6
02020501495,外箱,DP207239,134,591.44,,,100,433,34,158.44
02020501499,外箱,CH191601,171,353.61,34,64.94,,,205,418.55
02020501513,瑞士外箱7086,6307086,100,306,,,,,100,306
02020501529,外箱,DP207302,17,109.14,,,,,17,109.14
0202050221,蓝色小船长外箱,CH1276,100,320,,,,,100,320
0202050222,粉色小船长外箱,CH1276,120,384,,,,,120,384
0202050234,外箱,DP217325,16,76.48,,,,,16,76.48
0202050235,外箱,DP217327,16,76.48,,,,,16,76.48
0202050236,外箱,DP217313,134,540.02,,,100,403,34,137.02
0202050241,外箱,38131,94,724.74,,,94,724.74,,
02020501540,外箱,CH201767,55,243.1,,,,,55,243.1
02020501541,外箱,CH201768,20,88.4,,,,,20,88.4
0202050254,外箱,DP207289,180,824.9,,,70,325.5,110,499.4
0202050255,外箱,DP207290,125,536.25,,,100,429,25,107.25
0202050267,外箱,DP217326,14,66.92,,,,,14,66.92
0202050268,外箱,DP217328,15,71.7,,,,,15,71.7
0202050270,外箱,DP207304,15,96.3,,,,,15,96.3
0202050271,外箱,DP207305,10,64.2,,,,,10,64.2
0202050280,外箱,DP217355,50,192.5,,,23,88.55,27,103.95
0202050287,外箱,7331620,,,100,363,100,363,,
02020503002,外箱,CH211590,147,655.89,,,40,170.8,107,485.09
02020503003,外箱,CH211591,100,427,,,40,170.8,60,256.2
02020503004,外箱,CH211752,153,471.24,,,23,70.84,130,400.4
02020503005,外箱,CH211753,148,455.84,,,36,110.88,112,344.96
02020503006,外箱,CH211754,138,425.04,,,56,172.48,82,252.56
02020503007,外箱,DP217377,100,511,,,100,511,,
02020503008,外箱,DP217378,60,279,,,35,162.75,25,116.25
02020503009,外箱,DP217379,192,718.08,,,100,374,92,344.08
02020503010,外箱,DP217380,270,1034.1,,,174,666.42,96,367.68
02020503011,外箱,CH211731,20,99,,,,,20,99
02020503012,外箱,CH211732,20,99,,,10,49.5,10,49.5
02020503013,外箱,CH211733,20,99,,,,,20,99
02020503014,外箱,CH211734,20,99,,,10,49.5,10,49.5
02020503015,认,CH211731,40,54.4,,,,,40,54.4
02020503016,认,CH211732,40,54.4,,,20,27.2,20,27.2
02020503017,认,CH211733,40,54.4,,,,,40,54.4
02020503018,认,CH211734,40,54.4,,,20,27.2,20,27.2
02020503030,外箱-1376,CH1376,28,187.88,,,28,187.88,,
02020503031,外箱-1377,CH1377,93,586.27,,,,,93,586.27
02020503036,外箱,CH211796,85,341.7,,,10,40.2,75,301.5
02020503037,外箱,CH211797,80,321.6,,,15,60.3,65,261.3
02020503038,外箱,CH211798,82,329.64,,,15,60.3,67,269.34
02020503039,外箱,CH211799,75,301.5,,,16,64.32,59,237.18
02020503040,外箱,CH211787,42,171.78,,,17,69.53,25,102.25
02020503041,内箱,CH211787,52,74.88,,,1,1.44,51,73.44
02020503049,外箱,LC210050-1,167,68.47,,,,,167,68.47
02020503050,外箱,LC210049-1,150,64.5,,,,,150,64.5
02020503052,天猫外箱,,599,1382.9,,,399,1236.9,200,146
02020503053,外箱,,72,483.12,,,,,72,483.12
02020503054,外箱,,152,723.52,,,,,152,723.52
02020503060,外箱,DP217419,100,419,,,100,419,,
02020503061,外箱,DP217428,110,517,,,100,470,10,47
02020503062,外箱,DP217420,200,713,,,100,368,100,345
02020503063,外箱,DP217422,100,394,,,100,394,,
02020503066,外箱,BTS216017/18/19/20,230,708.4,,,25,77,205,631.4
02020501543,外箱,CH211785,19,70.11,111,409.59,,,130,479.7
02020501544,外箱,38195,63,406.98,,,,,63,406.98
02020503068,德国外箱1618,,35,118.3,,,,,35,118.3
02020503080,外箱,,201,639.18,,,,,201,639.18
02020503081,内箱,,478,449.32,,,40,37.6,438,411.72
02020503082,外箱,,126,496.44,,,,,126,496.44
02020503083,外箱,,50,245,,,,,50,245
02020503084,外箱,CH211788、89,50,211.5,,,10,42.3,40,169.2
02020503085,外箱,,34,222.02,,,,,34,222.02
02020501545,外箱,DP7062,300,1020,,,200,680,100,340
02020501549,外箱,,98,508.62,,,,,98,508.62
02020501550,外箱,,111,517.26,,,,,111,517.26
02020501556,瑞士外箱7110,6307110,75,150.25,,,,,75,150.25
02020501557,瑞士外箱7379,6307379,152,688.6,,,,,152,688.6
02020501559,瑞士外箱1743,6301743,29,167.62,,,,,29,167.62
02020503092,外箱,,50,203.5,,,,,50,203.5
02020503093,外箱,,117,381.42,,,,,117,381.42
02020501010,（阳光捕手套装）外箱,,84,354.48,,,84,354.48,,
02020501011,外箱,DP207254E,50,403,,,21,169.26,29,233.74
02020503099,认,CH191678/79/80/81,462,559.02,,,6,7.26,456,551.76
02020503102,外箱,,50,344.5,,,,,50,344.5
02020503103,外箱,,100,768,,,,,100,768
02020503105,外箱,CH221800-07,168,707.28,,,38,159.98,130,547.3
02020503107,内箱,CH221839-42,165,209.55,,,35,44.45,130,165.1
02020503109,外箱,DP227451,300,1666,,,100,600,200,1066
02020503110,外箱,DP227452,150,604.5,,,100,403,50,201.5
02020503111,外箱,DP227453,100,484,,,100,484,,
02020503112,外箱,DP227454,139,720.93,,,100,531,39,189.93
02020503113,外箱,DP227459,200,1104,,,100,552,100,552
02020503114,外箱,DP227430,320,1346.6,,,100,372,220,974.6
02020503115,外箱,DP227449,100,353,,,100,353,,
02020503116,外箱,DP227450,235,935.55,,,135,557.55,100,378
02020501013,外箱,CH221883/84/85/86,40,161.6,,,40,161.6,,
02020501014,内箱,CH221883/84/85/86,112,142.24,,,112,142.24,,
02020501015,德国外箱7110,6307110,36,75.24,,,,,36,75.24
02020501016,德国外箱7379,6307379,102,475.32,,,,,102,475.32
02020501017,德国外箱7449,6307449,45,158.85,,,,,45,158.85
02020501018,德国外箱7459,6307459,50,323,,,,,50,323
02020501019,瑞士外箱7459,6307459,20,129.2,,,,,20,129.2
02020501022,瑞士外箱,6307236,105,413.7,,,,,105,413.7
02020501023,外箱,,50,340,,,,,50,340
02020503117,外箱,,160,688,,,,,160,688
02020503118,外箱,,63,311.22,,,,,63,311.22
02020503119,外箱,,104,455.52,,,,,104,455.52
02020503120,外箱,,,,105,681.45,,,105,681.45
02020501025,外箱,DP227493,100,400,,,100,400,,
02020503121,外箱,CH221815,175,880.5,,,75,382.5,100,498
02020503122,外箱,CH221816,82,418.2,200,996,82,418.2,200,996
02020503123,外箱,CH221817,80,408,200,996,80,408,200,996
02020503124,外箱,CH221818,80,408,200,996,80,408,200,996
02020501027,1443外箱,CH1443,63,227.43,,,,,63,227.43
02020501028,外箱,CH211790,44,177.32,,,15,60.45,29,116.87
02020501029,外箱,CH211791,34,137.02,,,10,40.3,24,96.72
020205031030,外箱,CH211792,34,137.02,,,15,60.45,19,76.57
02020501034,内箱,CH221863,128,108.8,,,,,128,108.8
02020501035,内箱,CH221864,98,83.3,,,,,98,83.3
02020501036,内箱,CH221865,108,91.8,,,,,108,91.8
02020501037,内箱,CH221866,135,114.75,,,,,135,114.75
02020501038,外箱,CH221863,60,242.4,,,,,60,242.4
02020501039,外箱,CH221864,60,242.4,,,,,60,242.4
02020501040,外箱,CH221865,60,242.4,,,,,60,242.4
02020501041,外箱,CH221866,60,242.4,,,,,60,242.4
02020501042,外箱,CH221637,55,204.6,130,471.9,55,204.6,130,471.9
02020501043,外箱,CH221638,110,381.8,,,10,9.8,100,372
02020501044,内箱,CH221637,40,39.2,260,254.8,15,14.7,285,279.3
02020501045,内箱,CH221638,219,214.62,,,15,14.7,204,199.92
02020501569,德国外箱,6301636,125,401.25,,,,,125,401.25
02020501047,外箱,CH221801,80,321.6,,,15,60.3,65,261.3
02020501048,外箱,CH221802,66,265.32,,,17,68.34,49,196.98
02020501049,外箱,CH221803,76,305.52,,,18,72.36,58,233.16
02020501050,外箱,CH221804,80,321.6,,,19,76.38,61,245.22
02020501051,外箱,CH221805,80,321.6,,,18,72.36,62,249.24
02020501052,外箱,CH221806,74,297.48,,,19,76.38,55,221.1
02020501053,外箱,CH221807,66,265.32,,,18,72.36,48,192.96
0202050117,外箱,CH221855,100,296,,,16,47.36,84,248.64
02020501571,外箱,CH221856,100,296,,,16,47.36,84,248.64
02020501572,外箱,CH221857,100,296,,,16,47.36,84,248.64
02020501573,外箱,CH221858,100,296,,,16,47.36,84,248.64
02020501574,内箱,CH221855,200,184,,,32,29.44,168,154.56
02020501575,内箱,CH221856,200,184,,,32,29.44,168,154.56
02020501576,内箱,CH221857,200,184,,,32,29.44,168,154.56
02020501577,内箱,CH221858,200,184,,,32,29.44,168,154.56
02020501578,外箱,DP227492,100,369,,,100,369,,
02020501054,外箱,DP227458,100,341,,,100,341,,
02020501579,外箱,CH191602,21,40.11,34,64.94,,,55,105.05
02020501580,外箱,CH211786,19,70.11,111,409.59,,,130,479.7
02020501055,外箱,CH221658,42,80.22,104,198.64,,,146,278.86
02020501056,外箱,CH221659,42,80.22,104,198.64,,,146,278.86
02020501581,外箱,ZE1067A,505,1883.65,,,505,1883.65,,
02020501582,外箱,ZE1070A,505,1590.75,,,505,1590.75,,
02020501583,外箱,112604,,,123,234.93,,,123,234.93
02020501584,外箱,112612,,,123,555.96,,,123,555.96
02020501585,外箱,112626,,,12,47.04,,,12,47.04
02020501586,外箱,CH221827,,,25,80.75,,,25,80.75
02020501587,外箱,CH221828,,,25,80.75,,,25,80.75
02020501588,外箱,,,,205,666.25,,,205,666.25
02020501057,外箱,,,,53,294.15,,,53,294.15
02020501058,内箱,,,,805,394.45,,,805,394.45
02020501589,外箱,,,,505,1590.75,,,505,1590.75
02020501590,外箱,CH221883,,,100,376,10,37.6,90,338.4
02020501591,外箱,CH221884,,,100,376,10,37.6,90,338.4
02020501592,外箱,CH221885,,,100,376,10,37.6,90,338.4
02020501594,内箱,CH221883,,,300,624,20,75.2,280,548.8
02020501595,内箱,CH221884,,,200,248,20,24.8,180,223.2
02020501596,内箱,CH221885,,,200,248,20,24.8,180,223.2
02020501597,内箱,CH221886,,,200,248,10,12.4,190,235.6
0202050310,防割板,,5000,750,,,2200,330,2800,420
0202050325,隔板,,,,105,31.5,,,105,31.5
0202050434,内盒,CH1629,40,40,,,20,20,20,20
0202050436,内盒,CH1631,,,260,254.8,60,58.8,200,196
0202050438,内盒,CH1633,140,140,,,95,95,45,45
0202050439,内盒,CH1634,40,40,,,40,40,,
0202050494,内盒,CH191593,49,53.9,,,1,1.1,48,52.8
0202050495,内盒,CH191594,123,135.3,,,3,3.3,120,132
0202050496,内盒,CH191595,27,29.7,,,27,29.7,,
0202050497,内盒,BTS196001,32,28.48,,,32,28.48,,
02020504103,内盒,BTS196007,200,154,,,,,200,154
02020504105,内盒,CH191706,340,357,,,,,340,357
02020504107,内盒,CH191708,300,315,,,,,300,315
02020504133,内盒,CH201721,20,26.6,,,,,20,26.6
02020504134,内盒,CH201723,16,21.28,,,1,1.33,15,19.95
0202050500,内盒,38131,750,750,,,750,750,,
02020504141,内盒,CH201767,170,238,,,,,170,238
02020504144,内盒,CH201768,220,308,,,,,220,308
02020504145,内盒,CH211590,103,113.3,,,1,1.1,102,112.2
02020504146,内盒,CH211591,38,41.8,,,1,1.1,37,40.7
02020504148,迷你刮画内盒--空白盒,,8800,4840,,,,,8800,4840
02020702,无字十字绣线,,50,27.5,,,,,50,27.5
02020703,十字绣线,400,,,8050,1247.75,,,8050,1247.75
02020704,十字绣线,3855,,,8050,1247.75,,,8050,1247.75
02020705,白色十字绣线,,6,195,,,,,6,195
02020706,黄色十字绣线,,1,32.5,,,,,1,32.5
02020707,十字绣线,棕色,850,93.5,,,,,850,93.5
02020708,十字绣线,蓝色 995,3000,330,,,1250,137.5,1750,192.5
02020718,蓝色十字绣线,,10,325,,,,,10,325
02020723,白色十字绣线,,16,520,,,,,16,520
02020724,肉色十字绣线,,6,195,,,,,6,195
02020725,十字绣线,棕色,4,130,,,,,4,130
02020726,十字绣线,玫红色 3805,50,1625,,,,,50,1625
02020727,紫色十字绣线,,1,32.5,,,,,1,32.5
02020728,12股锦纶线,深蓝-20,70,406,,,,,70,406
02020729,12股锦纶线,天蓝-25,68,394.4,,,,,68,394.4
02020730,12股锦纶线,白-36,135,783,,,,,135,783
02020731,12股锦纶线,黄-11,138,800.4,,,,,138,800.4
02020732,12股锦纶线,荧光玫红-6,158,916.4,,,,,158,916.4
02020733,12股锦纶线,玫红-7,12,69.6,,,,,12,69.6
02020734,12股锦纶线,浅粉-49,12,69.6,,,,,12,69.6
02020735,12股锦纶线,橙色-15,24,139.2,,,,,24,139.2
02020736,9股金线,金-195,31,372,,,,,31,372
02020738,十字绣线,粉色 605,2600,286,,,1250,137.5,1350,148.5
02020739,白色十字绣线,BLANC,3200,496,,,1250,193.75,1950,302.25
02020740,十字绣线,黄色 444,535,58.85,,,,,535,58.85
02020741,十字绣线,红色 817,3000,330,,,1250,137.5,1750,192.5
02020742,十字绣线,棕色 300,8,260,1,32.5,,,9,292.5
02020747,白色BLANC线,,4,130,,,,,4,130
02020748,紫色155线,,2,65,,,,,2,65
02020749,黄色444线,,3,97.5,,,,,3,97.5
02020750,十字绣线,红色 817,4,130,,,,,4,130
02020752,毛线,棕色300,2,65,,,,,2,65
02020753,绿色703线,,3,97.5,,,,,3,97.5
02020754,蓝色3846线,,5,162.5,,,,,5,162.5
02020755,橘色947线,,11,357.5,,,,,11,357.5
02020756,紫色毛线,,136,8442.5,21,605.64,,,157,9048.14
02020757,橘色毛线,,122,7565.54,,,,,122,7565.54
02020761,绿色十字绣线,,335,36.85,,,,,335,36.85
02020763,十字绣线,灰色 318,8142,895.62,,,3000,330,5142,565.62
02020765,十字绣线,白色 B5200,85,2762.5,,,,,85,2762.5
02020767,十字绣线,粉色 963,2,65,,,,,2,65
02020768,十字绣线,棕色 400,7,227.5,,,,,7,227.5
02020769,十字绣线,黄色 307,45,1462.5,,,,,45,1462.5
02020770,十字绣线,肉色 3779,1,32.5,,,,,1,32.5
02020771,十字绣线,灰色 318,1,32.5,,,,,1,32.5
02020772,十字绣线,黑色 310,196,6370,,,,,196,6370
02020773,十字绣线,蓝色 3843,83,2697.5,,,,,83,2697.5
02020774,十字绣线,紫色 550,35,1137.5,,,,,35,1137.5
02020775,十字绣线,红色 817,21,682.5,,,,,21,682.5
02020776,十字绣线,桔色 608,10,325,,,,,10,325
02020777,十字绣线,黄色 740,2,65,,,,,2,65
02020778,十字绣线,白色 ECRU,7,227.5,,,,,7,227.5
02020779,十字绣线,西瓜红 3705,1,32.5,,,,,1,32.5
02020780,十字绣线,粉色 603,1,32.5,,,,,1,32.5
02020781,十字绣线,绿色 907,18,585,,,,,18,585
02020782,十字绣线,桔色 947,20,650,,,,,20,650
02020783,十字绣线,棕色 300,6,195,,,,,6,195
02020784,十字绣线,玫红 3804,69,2242.5,,,,,69,2242.5
02020785,三色8米棉线,,10100,5555,,,,,10100,5555
02020793,十字绣线,玫红 3804,850,93.5,,,,,850,93.5
02020796,十字绣线,,41500,4565,,,12189,1340.79,29311,3224.21
02020799,十字绣线,米白色 712,51100,7650.5,,,6000,660,45100,6990.5
02020800,十字绣线,粉色 3609,23,747.5,,,,,23,747.5
020208004,十字绣线,橙色 740,26200,2882,,,11365,1250.15,14835,1631.85
020208005,十字绣线,蓝色 3843,12500,1654,,,5521,855.76,6979,798.24
020208006,十字绣线,紫色 3837,9500,1189,,,3000,465,6500,724
020208007,十字绣线,橘色 970,5,162.5,,,,,5,162.5
020208009,橘色十字绣线,橘色 970,2100,231,,,1250,137.5,850,93.5
020208010,十字绣线,棕色 300,3000,330,3000,330,3000,330,3000,330
020208012,十字绣线-蓝色,,4450,489.5,,,1250,137.5,3200,352
020208013,十字绣线-黄色,,1250,137.5,,,1250,137.5,,
020208014,十字绣线-白色,,1250,137.5,,,1250,137.5,,
020208015,十字绣线-红色,,1250,137.5,,,1250,137.5,,
020208016,十字绣线-黑色,,4250,467.5,,,1250,137.5,3000,330
020208017,十字绣线,灰色 318,8200,1271,,,3000,465,5200,806
020208019,十字绣线-段染,,2800,308,,,1250,137.5,1550,170.5
020208020,十字绣线,粉色 963,5400,738,,,1250,137.5,4150,600.5
020208021,十字绣线,3842,2,65,,,,,2,65
020208022,十字绣线,黑色 310,17050,1875.5,,,7652,841.72,9398,1033.78
020208024,十字绣线,红色 666,11,357.5,,,,,11,357.5
020208025,十字绣线,白色 B5200,11300,1526.5,8050,1247.75,3700,573.5,15650,2200.75
020208031,十字绣线,草绿色 907,12200,1342,,,3965,436.15,8235,905.85
020208033,十字绣线,黄色 307,15200,1672,,,6354,698.94,8846,973.06
020208040,十字绣线,CH221815/16/17/18,7536,1168.08,,,5932,919.46,1604,248.62
020208041,十字绣线,CH221815/16/17/18,18336,2016.96,,,9512,1046.32,8824,970.64
020208042,十字绣线,玫红3805,12300,1353,,,4986,548.46,7314,804.54
020208043,十字绣线,橘色947,12200,1342,,,4723,519.53,7477,822.47
020208044,十字绣线,粉色3609,12200,1342,,,3360,369.6,8840,972.4
020208045,十字绣线,藏青色823,12200,1342,,,4587,504.57,7613,837.43
020208047,十字绣线,红色 891,1,32.5,,,,,1,32.5
020208048,2色线板（3M）,紫色155，玫红891,3100,713,,,1250,287.5,1850,425.5
020208049,粉色线板（6M）,粉色 605,3100,589,,,,,3100,589
020208050,蓝白渐变线板（6M）,蓝白渐变 2008,3100,589,,,1250,237.5,1850,351.5
020208051,3色线板（2M）,黑色310，蓝色3846，黄色307,3100,713,,,1250,287.5,1850,425.5
020208052,十字绣线,红色 892,3200,496,,,1250,193.75,1950,302.25
020208053,十字绣线,棕色 301,3,97.5,,,,,3,97.5
020208054,十字绣线,米白色 712,5,162.5,,,,,5,162.5
020208055,十字绣线,绿色 702,3,97.5,,,,,3,97.5
020208056,十字绣线,紫色 550,3000,330,,,1250,137.5,1750,192.5
020208057,十字绣线,棕色 801,2,65,,,,,2,65
020208058,十字绣线,黄色 972,3200,352,,,1250,137.5,1950,214.5
020208059,十字绣线,722,,,3100,480.5,1250,193.75,1850,286.75
020208060,十字绣线,3820,,,3100,480.5,1250,193.75,1850,286.75
02020811,丝滑蜡笔,大红,408,314.16,,,192,147.84,216,166.32
02020814,丝滑蜡笔,紫色,168,129.36,,,168,129.36,,
02020818,丝滑蜡笔,桔色,55,42.35,,,55,42.35,,
02020819,丝滑蜡笔,草绿,163,125.51,,,163,125.51,,
02020820,丝滑蜡笔,蓝色,238,183.26,,,192,147.84,46,35.42
02020821,金属6色丝滑蜡笔,,1298,7762.04,,,,,1298,7762.04
02020822,积木蜂蜡蜡笔12色,,12036,87261,,,,,12036,87261
02020823,树叶蜡笔,BTS216017,133428,46699.8,,,23340,8169,110088,38530.8
02021006,蓝色不干胶,,500,60,,,,,500,60
02021009,纹身贴不干胶,69323,1800,126,,,,,1800,126
02021104,透明半圆底座,,140128,30828.16,,,,,140128,30828.16
020212,纹身贴展示盒套,,35,192.5,,,,,35,192.5
020213,纸绳,,21052,1263.12,,,,,21052,1263.12
020214,皮筋,,257,8917.9,,,,,257,8917.9
020215,勺形吸管,,3300,466,,,,,3300,466
020218,亮钻,,7690,3076,,,,,7690,3076
02021901,2字型塑料挂钩,,84950,2961.1,,,,,84950,2961.1
02021904,透明塑料软挂钩,,8500,510,,,,,8500,510
02021909,塑料挂钩,LC200057-1,7200,648,,,,,7200,648
02021910,塑料挂钩,LC200037-1,8200,738,,,,,8200,738
02022101,十字绣展示盒,,121,338.8,,,,,121,338.8
02022105,小纹身贴展示盒（第八批）,,100,1000,,,,,100,1000
02022106,大纹身贴展示盒（第八批）,,52,520,,,,,52,520
02022109,刮画展示盒,,127,340.36,,,,,127,340.36
02022110,刮画展示盒保护罩,,119,92.82,,,,,119,92.82
02022111,十字绣展示盒保护罩,,149,163.9,,,,,149,163.9
02022113,立体外箱,,135,505.8,,,,,135,505.8
02022115,展示盒+卡头,DP197067,104,832,,,,,104,832
02022116,展示盒+卡头,DP197068,121,968,,,,,121,968
02022117,展示盒+卡头,DP197069,90,720,,,,,90,720
02022118,展示盒+卡头,DP197070,147,1176,,,,,147,1176
02022119,展示盒+卡头,DP197073,100,1750,,,,,100,1750
02022123,大信封展示盒,,34,140.42,,,,,34,140.42
02022124,大信封保护罩,,14,18.9,,,,,14,18.9
02022125,方盒展示盒,,72,345.6,,,,,72,345.6
02022126,展示盒,CH197097K,28,256.2,,,,,28,256.2
02022127,展架,DP197089,15,5850,,,,,15,5850
02022129,外销笔套展示盒,DP197086K,192,604.8,,,98,308.7,94,296.1
02022131,指甲贴展示盒,DP197088,25,265,,,,,25,265
02022132,像素马赛克展示盒,,3,18.75,,,,,3,18.75
02022133,关节玩偶套装展示盒,DP197104K,101,543.23,,,,,101,543.23
02022137,6色丝滑蜡笔展示盒,DP197099K,135,1012.5,,,,,135,1012.5
02022138,口袋贴纸展示盒,DP197101K,46,469.2,,,,,46,469.2
02022139,便签刮画本展示盒,DP197111K,121,515.46,,,,,121,515.46
02022140,迷你刮画本展示盒,DP197110K,8,31.6,,,,,8,31.6
02022141,线圈刮画本展示盒,,142,1462.6,,,,,142,1462.6
02022143,帆布画框展示盒,,83,742.85,,,,,83,742.85
0202214406,通用卡头,精品盒,277,727,,,,,277,727
02022145,不干胶套装展示盒,,90,630,,,,,90,630
02022147,展示盒,DP207170K,34,435.2,,,,,34,435.2
02022148,展示盒,DP197119K,66,844.8,,,,,66,844.8
02022149,展示盒,DP207171K,131,288.2,,,,,131,288.2
02022150,展示盒,DP197102K,80,1320,,,,,80,1320
02022151,展示盒,DP2017156K,135,881.55,,,,,135,881.55
02022152,展示盒,DP197109,105,1081.5,,,,,105,1081.5
02022153,展示盒,DP207220,98,1009.4,,,,,98,1009.4
02022154,展示盒,DP207217,102,1315.8,,,,,102,1315.8
02022155,展示盒,DP207271K,130,678.6,,,,,130,678.6
02022156,展示盒+卡头,DP207254K,1004,7228.8,,,,,1004,7228.8
02022157,展示盒+卡头+保护罩,DP207256K,142,741.24,,,,,142,741.24
02022158,展示盒+卡头+保护罩,DP207249K,114,815.1,,,,,114,815.1
02022159,展示盒+卡头,DP207250K,132,1445.4,,,,,132,1445.4
02022160,展示盒,DP207252K,19,85.5,,,,,19,85.5
02022161,展示盒+卡头+保护罩,DP207253K,85,788.8,,,,,85,788.8
02022162,展示盒+卡头+保护罩,DP207288K,84,667.8,,,,,84,667.8
02022163,展示盒+卡头+保护罩,DP207287K,132,1049.4,,,,,132,1049.4
02022164,展示盒,DP207264K,398,1253.7,40,165.6,254,839.7,184,579.6
02022165,展示盒,DP207280K,100,1650,,,,,100,1650
02022166,立体刮刮画展示盒,DP207310E,22,149.6,,,,,22,149.6
02022167,迷你刮画展示盒+保护罩,DP207275E,,,2000,4300,592,1272.8,1408,3027.2
02022168,空大指甲贴展示盒+卡头+内衬+保护罩,DP207265E,123,725.7,,,,,123,725.7
02022169,大纹身贴空展示盒+卡头+内衬+保护罩,DP207278E,148,1894.4,,,,,148,1894.4
02022171,展示盒+卡头+保护罩,DP207253E,23,213.44,,,,,23,213.44
02022173,刺绣箍展示盒,DP207284E,100,653,,,,,100,653
02022174,JRK绕线画展示盒,DP207285E,132,1359.6,,,,,132,1359.6
02022175,丝滑蜡笔12色空展示盒,DP207271E,134,699.48,,,,,134,699.48
02022177,小信封空展示盒,,90,301.5,,,,,90,301.5
02022179,展示盒+卡头+保护罩,DP207266E,127,1346.2,,,,,127,1346.2
02022180,展示盒+卡头+保护罩,DP207273E,100,1020,,,,,100,1020
02022182,展示盒+卡头,DP217383E,148,717.8,,,,,148,717.8
02022184,展示盒+卡头,DP217385E,105,561.75,12,64.2,12,64.2,105,561.75
02022186,卡头,DP207253E,238,357,,,124,186,114,171
02022187,小信封展示盒+保护罩,DP197108E,422,1308.2,,,212,657.2,210,651
02022188,快干蜡笔6色展示盒+保护罩,DP207280E,92,1301.8,,,,,92,1301.8
02022189,JRK方盒缝制展示盒,DP207282E,98,617.4,,,,,98,617.4
02022190,我的的钓鱼游戏--展示盒,DP217429E,26,95.68,1000,3680,324,1192.32,702,2583.36
02022192,3D立体拼插挂饰--展示盒,DP217424E,46,121.9,,,,,46,121.9
02022193,进阶刮刮画--展示盒,DP217426E,46,407.1,,,,,46,407.1
02022194,展示盒+卡头,DP207256E,86,417.1,1000,4850,392,1901.2,694,3365.9
02022195,展示盒+卡头+保护罩,DP217383E,22,106.7,,,,,22,106.7
02022196,展示盒+卡头+保护罩+内衬,DP207266E,66,356.4,,,,,66,356.4
02022199,展示盒+保护罩,DP227431E,39,128.7,,,,,39,128.7
020221010,展示盒+保护罩,DP227460E,4,10.2,1000,2550,396,1009.8,608,1550.4
020221011,展示盒+保护罩,DP227461E,40,142,,,,,40,142
020221012,展示盒+卡头,DP227462E,46,262.2,1000,5700,385,2194.5,661,3767.7
020221013,展示盒+保护罩+卡头+衬卡,DP227463E,104,863.2,,,,,104,863.2
020221014,保护罩+卡头,DP227464E,108,367.2,,,,,108,367.2
020221015,展示盒+卡头,DP227465E,4,22,,,,,4,22
020221016,展示盒+保护罩,DP207244E,239,1457.9,500,3050,236,1439.6,503,3068.3
020221018,卡头,DP227464E,246,738,,,198,594,48,144
020221019,（眼镜/口罩链）折叠式展示盒,,,,800,2640,,,800,2640
020221020,折纸展示盒+卡头,DP227494E,675,2902.5,,,335,1440.5,340,1462
020221021,展示盒+卡头+保护罩+背部黄色片,DP227495E,458,2977,,,218,1417,240,1560
020221022,展示盒+卡头+保护罩,DP217385E,638,4147,,,324,2106,314,2041
020221023,旋转MDF陈列展架,DP227498E,,,2,1160,2,1160,,
02022214,白板笔,,8200,5002,,,,,8200,5002
02022215,纺织画笔,CH201770,5544,5266.8,,,340,323,5204,4943.8
02022216,纺织画笔,CH201771,3000,2850,,,48,45.6,2952,2804.4
02022217,水画笔,,70900,23397,,,31250,10312.5,39650,13084.5
02022219,白板笔,,3030,7272,,,3030,7272,,
02022301,彩铅笔,,6000,6060,,,,,6000,6060
02022302,粗彩铅笔,,69000,38502,,,,,69000,38502
02022303,6色纸盒装彩铅笔,,3840,26496,,,,,3840,26496
020224,白胶,,3000,1500,,,,,3000,1500
02022501,红色卡扣,,70,2100,,,,,70,2100
020226,塑料眼睛,,113,7401.24,,,,,113,7401.24
020227,六连体颜料,,327,447.99,,,,,327,447.99
020228,棉布片,LE08415-1,12086,11388.64,,,,,12086,11388.64
020229,皮筋,,3,360,,,,,3,360
02023006,塑料针,,2050,61.5,,,,,2050,61.5
02023023,实木熏蒸欧标托盘,,40,2800,,,,,40,2800
02023028,点胶,,3000,2616,,,,,3000,2616
02023029,棉鞋带,,4893,308.26,,,,,4893,308.26
02023030,Avenir礼品袋,,1680,6132,,,,,1680,6132
02023035,Avenir礼品袋,小,1580,5530,,,,,1580,5530
02023040,点胶,,16500,1980,,,,,16500,1980
02023041,棉绳,,255,3335.4,14,183.12,,,269,3518.52
02023045,蜡线,CJ305,,,20,560,,,20,560
02023046,两脚钉,CH191682,4181,4013.76,3050,2928,1000,960,6231,5981.76
02023047,两脚钉（单个）,CH191683,,,3050,91.5,1160,34.8,1890,56.7
02023049,点胶,,46800,12870,,,,,46800,12870
02023050,猫咪面具双面胶,,17100,2736,,,,,17100,2736
02023051,粉色锁匙扣+圆圈,,3700,647.5,,,,,3700,647.5
02023052,塑料眼睛,,61,2732.8,8,358.4,,,69,3091.2
02023053,纸质头套,CH201771,190,256.5,,,12,16.2,178,240.3
02023055,蓝色鞋带,CH201760,1516,151.6,,,,,1516,151.6
02023057,英文目录册,2021,1000,10800,,,,,1000,10800
02023059,双面胶,,6300,1008,,,,,6300,1008
02023065,绳子-青绿色,,3030,757.5,,,3030,757.5,,
02023066,绳子-紫色,,3030,757.5,,,3030,757.5,,
02023067,绳子-黄色,,3030,757.5,,,3030,757.5,,
02023068,绳子-橘黄色,,3030,757.5,,,3030,757.5,,
02023069,绳子-红色,,3030,757.5,,,3030,757.5,,
02023071,蜡线,,,,20,5200,,,20,5200
02023072,织带175,,11800,1534,,,,,11800,1534
02023073,织带463,,8300,1079,,,,,8300,1079
02023074,白色珍珠棉,,3600,7560,,,,,3600,7560
02023076,点胶,,2000,4320,,,,,2000,4320
02023093,雪纱彩带-透明白色,,73000,10220,23000,2254,,,96000,12474
02023094,黑色皮筋,,57,1977.9,,,,,57,1977.9
02023095,金属线,,6050,1815,,,,,6050,1815
02023096,蜡线,CJ104,140,36400,,,,,140,36400
02023098,支撑钢管,,132,300.96,,,,,132,300.96
02023099,塑料盒盖子,HSI201-309,80,640,,,,,80,640
02023100,包装塑料盒,HSI201-309,130,2665,,,,,130,2665
020231002,绑带,,4000,2000,,,,,4000,2000
020231003,不锈钢柱,,30000,1050,,,,,30000,1050
020231004,铃片,,50000,3750,,,,,50000,3750
020231005,干燥剂,,37.5,2493.75,,,22.5,1496.25,15,997.5
020231010,黄色塑料针,,8,720,,,,,8,720
020231011,挂绳-白色,,11100,2118,,,,,11100,2118
020231012,挂绳-红色,,1000,180,,,,,1000,180
020231013,退货卡,,1500,375,,,,,1500,375
020231014,隐私不干胶,,1500,450,,,,,1500,450
020231016,挂绳-粉色,,5130,1088.6,,,,,5130,1088.6
020231017,挂绳-黄色,,4100,862,,,,,4100,862
020231018,复配着色剂,,,,7650,2142,,,7650,2142
020231020,立体闪光水晶眼,,10500,2772,,,,,10500,2772
020231021,闪片,,22500,630,,,,,22500,630
020231022,硅胶圈,,5000,880,6100,1073.6,,,11100,1953.6
020231023,纸绑带,,,,1050,472.5,1050,472.5,,
020231024,挂绳-灰色,,3000,540,,,,,3000,540
020231025,挂绳-深紫色,,1000,180,,,,,1000,180
020231026,挂绳-玫红色,,2500,510,,,,,2500,510
020231027,黑色纽扣,,10000,500,,,,,10000,500
020231028,肩带,,14700,26985,,,,,14700,26985
020231029,钩针,,5000,4150,,,,,5000,4150
020231032,双面胶,,15,131.25,,,,,15,131.25
020231038,（阳光捕手套装）透明不干胶,,12300,3690,,,12300,3690,,
020231041,礼品袋-兔丽丽,DP227466E,1090,2158.2,,,,,1090,2158.2
020231042,礼品袋-熊酷酷,DP227467E,1100,2178,,,,,1100,2178
020231043,礼品袋-鳄暖暖,DP227468E,1110,2197.8,,,,,1110,2197.8
020231044,礼品袋-羊绵绵,DP227469E,1100,2178,,,,,1100,2178
020231046,无纺布袋,,164100,26256,8100,1296,,,172200,27552
020231047,无纺布袋,,65600,9840,5000,750,,,70600,10590
020231048,无纺布袋,,36300,5989.5,6100,1006.5,,,42400,6996
020231049,尼龙扎带,,100,80.16,,,,,100,80.16
020231051,铝箔片,,15250,335.5,,,,,15250,335.5
020231052,不锈钢钢丝圈,CH221883,5478,2629.44,3100,1488,1960,940.8,6618,3176.64
020231053,不锈钢钢丝圈,CH221886,5526,2652.48,3100,1488,1336,641.28,7290,3499.2
020231054,不锈钢钢丝圈,CH221884,5190,2491.2,3100,1488,1960,940.8,6330,3038.4
020231055,不锈钢钢丝圈,CH221885,5238,2514.24,3100,1488,1912,917.76,6426,3084.48
020231057,LED灯,,1120,784,,,,,1120,784
020231058,粗棉线,,1200,72,,,,,1200,72
020231059,纸质细吸管,CH221575,4500,202.5,,,,,4500,202.5
020231060,两脚钉（金色）,CH221575,1500,55,,,,,1500,55
020231065,银色扎带,,23,31.99,,,,,23,31.99
020231066,木托盘 免熏蒸 欧标,,20,1500,,,,,20,1500
020231067,画刷,CH221773,10000,1900,,,496,94.24,9504,1805.76
020231068,肩带,CH221815,4200,8190,,,932,1817.4,3268,6372.6
020231069,肩带,CH221818,4200,8190,,,1216,2371.2,2984,5818.8
02023102,胶带,,490,2474.5,,,,,490,2474.5
02023201,腊布,LA06838-2,6400,70400,,,,,6400,70400
02023202,棉布袋,CH1650,4500,8460,,,,,4500,8460
02023204,艾维尼帆布袋--大,DP227166E,520,2735.2,,,,,520,2735.2
02023205,艾维尼帆布袋--小,DP227167E,520,2230.8,,,,,520,2230.8
02023206,摇粒绒-红色,,288,3470,,,,,288,3470
02023207,摇粒绒-黄色,,282,3406,,,,,282,3406
02023208,摇粒绒-紫色,,209,3620,,,,,209,3620
02023209,摇粒绒-灰色,,81,1405,,,,,81,1405
02023210,摇粒绒-湖蓝色,,84,1457.5,,,,,84,1457.5
02023211,摇粒绒,,15,225,,,,,15,225
02023212,摇粒绒,,15,225,,,,,15,225
02023213,北极绒复合,,150,510,,,,,150,510
02023214,北极绒复合,,364,1237.6,,,,,364,1237.6
02023215,北极绒复合,,142,482.8,,,,,142,482.8
020233,纸绳,,18112,1086.72,,,,,18112,1086.72
020234,皮筋,,83,1909,,,,,83,1909
020235,塑料眼睛,,315,12289.2,20,784,,,335,13073.2
02023601,蓝色塑料珠子,,52,936,,,,,52,936
02023602,白色塑料珠子,,31,558,,,,,31,558
02023603,绿色塑料珠子,,24,432,,,,,24,432
02023604,珍珠,,64,1344,,,,,64,1344
02023610,UV变色珠,,20,1086.41,,,,,20,1086.41
02023611,实色小马珠-白色 056,CH221884/85/86,83.94,948.52,16,180.8,12.4,140.12,87.54,989.2
02023612,实色小马珠-绿色 040,CH221886,27.01,305.21,,,2.3,25.99,24.71,279.22
02023613,实色小马珠-黑色 055,CH221883/84/85/86,60.29,681.28,17,192.1,12.3,138.99,64.99,734.39
02023614,实色小马珠-湖蓝 150,CH221883/84,35.99,406.69,15,169.5,11.5,129.95,39.49,446.24
02023615,实色小马珠-蓝色 059,CH221885,40.49,457.54,15,169.5,2.3,25.99,53.19,601.05
02023616,透明闪粉小马珠-粉色 025,CH221883,205.49,3452.23,77,1293.6,11.3,189.84,271.19,4555.99
02023617,透明闪粉小马珠-玫红 032,CH221883/84,23.99,403.03,10,168,2.5,42,31.49,529.03
02023618,透明闪粉小马珠-蓝色 170,CH221883/85,29.69,498.79,12,201.6,2.5,42,39.19,658.39
02023619,透明闪粉小马珠-紫色 028,CH221884,201.67,3388.05,72,1209.6,13.5,226.8,260.17,4370.85
02023620,透明闪粉小马珠-浅蓝 027,CH221885,146.44,2460.19,52,873.6,10.5,176.4,187.94,3157.39
02023621,透明闪粉小马珠-橘色 031,CH221885/86,217.67,3656.85,5,84,11.3,189.84,211.37,3551.01
02023622,透明闪粉小马珠-黄色 024,CH221884,7.47,125.49,3,50.4,1.6,26.88,8.87,149.01
02023623,UV变色珠,,12,649,6,322.43,,,18,971.43
02023624,UV变色珠,,8,432.67,4,214.94,,,12,647.61
02023625,UV变色珠,,10,540.83,5,268.68,,,15,809.51
02023626,UV变色珠,,6,324.5,,,,,6,324.5
020237,牛皮纸色纸绳,,4835,290.1,,,,,4835,290.1
020238,牛皮纸色纸绳,,4832,108.72,,,,,4832,108.72
020240,塑料眼睛,,234,9860.5,5,215.25,,,239,10075.75
020243,毛条,CH201721,44,9.86,,,,,44,9.86
020244,毛条,CH201723,346,77.5,,,120,26.88,226,50.62
020248,背胶棉布,,10000,15100,,,,,10000,15100
020250,毛条,,1080,4039.2,,,,,1080,4039.2
020254,钻贴,PZ215067,5155,4227.1,,,,,5155,4227.1
